rId,sId,aId
r0,s0,a6427
r1,s0,a8163
r2,s1,a9920
r3,s1,a10597
r4,s2,a2067
r5,s2,a6895
r6,s3,a10130
r7,s3,a7062
r8,s4,a9772
r9,s4,a5313
r10,s5,a7649
r11,s5,a2886
r12,s6,a5258
r13,s6,a0
r14,s7,a8101
r15,s7,a2796
r16,s8,a6736
r17,s8,a6029
r18,s9,a4457
r19,s9,a4371
r20,s10,a4041
r21,s10,a1690
r22,s11,a2910
r23,s11,a7470
r24,s12,a9594
r25,s12,a7998
r26,s13,a5039
r27,s13,a2703
r28,s14,a8606
r29,s14,a4979
r30,s15,a1609
r31,s15,a1587
r32,s16,a8464
r33,s16,a4501
r34,s17,a3366
r35,s17,a10211
r36,s18,a2293
r37,s18,a10380
r38,s19,a4896
r39,s19,a1295
r40,s20,a6934
r41,s20,a5465
r42,s21,a5910
r43,s21,a2541
r44,s22,a7724
r45,s22,a4317
r46,s23,a2032
r47,s23,a8239
r48,s24,a478
r49,s24,a7683
r50,s25,a8610
r51,s25,a363
r52,s26,a9339
r53,s26,a1392
r54,s27,a4846
r55,s27,a7381
r56,s28,a2448
r57,s28,a9418
r58,s29,a9620
r59,s29,a7646
r60,s30,a2599
r61,s30,a715
r62,s31,a997
r63,s31,a8205
r64,s32,a2132
r65,s32,a10416
r66,s33,a2856
r67,s33,a3857
r68,s34,a7182
r69,s34,a3111
r70,s35,a5604
r71,s35,a7426
r72,s36,a2898
r73,s36,a3204
r74,s37,a5243
r75,s37,a3562
r76,s38,a7011
r77,s38,a9018
r78,s39,a7550
r79,s39,a8192
r80,s40,a9578
r81,s40,a4281
r82,s41,a6886
r83,s41,a8680
r84,s42,a7936
r85,s42,a8784
r86,s43,a8430
r87,s43,a2005
r88,s44,a7024
r89,s44,a381
r90,s45,a7338
r91,s45,a5609
r92,s46,a6382
r93,s46,a5370
r94,s47,a264
r95,s47,a2948
r96,s48,a6592
r97,s48,a6836
r98,s49,a5820
r99,s49,a6679
r100,s50,a1412
r101,s50,a2172
r102,s51,a2819
r103,s51,a6106
r104,s52,a8649
r105,s52,a4639
r106,s53,a9520
r107,s53,a1653
r108,s54,a8841
r109,s54,a7028
r110,s55,a4513
r111,s55,a10423
r112,s56,a9514
r113,s56,a8539
r114,s57,a6932
r115,s57,a7134
r116,s58,a4965
r117,s58,a1791
r118,s59,a4377
r119,s59,a6239
r120,s60,a4423
r121,s60,a5416
r122,s61,a3476
r123,s61,a6966
r124,s62,a567
r125,s62,a10303
r126,s63,a6120
r127,s63,a5835
r128,s64,a1110
r129,s64,a5627
r130,s65,a1474
r131,s65,a5531
r132,s66,a9494
r133,s66,a5433
r134,s67,a3609
r135,s67,a694
r136,s68,a4594
r137,s68,a9029
r138,s69,a7260
r139,s69,a3958
r140,s70,a6974
r141,s70,a6632
r142,s71,a1147
r143,s71,a5402
r144,s72,a2389
r145,s72,a3723
r146,s73,a6453
r147,s73,a1253
r148,s74,a3212
r149,s74,a4377
r150,s75,a9712
r151,s75,a4143
r152,s76,a3721
r153,s76,a7827
r154,s77,a1792
r155,s77,a2890
r156,s78,a4486
r157,s78,a875
r158,s79,a5597
r159,s79,a375
r160,s80,a10681
r161,s80,a3509
r162,s81,a7177
r163,s81,a7002
r164,s82,a3100
r165,s82,a2915
r166,s83,a4237
r167,s83,a9076
r168,s84,a899
r169,s84,a2820
r170,s85,a6285
r171,s85,a8217
r172,s86,a3739
r173,s86,a4175
r174,s87,a6037
r175,s87,a6438
r176,s88,a757
r177,s88,a8191
r178,s89,a7381
r179,s89,a7778
r180,s90,a8158
r181,s90,a10234
r182,s91,a7212
r183,s91,a4517
r184,s92,a2773
r185,s92,a9610
r186,s93,a523
r187,s93,a9698
r188,s94,a259
r189,s94,a5215
r190,s95,a7455
r191,s95,a865
r192,s96,a920
r193,s96,a5992
r194,s97,a2472
r195,s97,a4066
r196,s98,a10340
r197,s98,a6776
r198,s99,a10353
r199,s99,a3781
r200,s100,a5578
r201,s100,a493
r202,s101,a4307
r203,s101,a5506
r204,s102,a7222
r205,s102,a3106
r206,s103,a8126
r207,s103,a2536
r208,s104,a10077
r209,s104,a4773
r210,s105,a7437
r211,s105,a4397
r212,s106,a2337
r213,s106,a4908
r214,s107,a4909
r215,s107,a7849
r216,s108,a5368
r217,s108,a3283
r218,s109,a10444
r219,s109,a9260
r220,s110,a3682
r221,s110,a5276
r222,s111,a6391
r223,s111,a5858
r224,s112,a9180
r225,s112,a768
r226,s113,a4892
r227,s113,a165
r228,s114,a329
r229,s114,a5082
r230,s115,a3154
r231,s115,a2930
r232,s116,a9304
r233,s116,a8718
r234,s117,a1344
r235,s117,a2220
r236,s118,a4147
r237,s118,a6632
r238,s119,a9612
r239,s119,a10541
r240,s120,a1367
r241,s120,a7480
r242,s121,a2515
r243,s121,a5001
r244,s122,a8673
r245,s122,a10095
r246,s123,a6845
r247,s123,a872
r248,s124,a8916
r249,s124,a4779
r250,s125,a6158
r251,s125,a3404
r252,s126,a2310
r253,s126,a1664
r254,s127,a2699
r255,s127,a656
r256,s128,a4347
r257,s128,a8557
r258,s129,a9440
r259,s129,a8560
r260,s130,a1545
r261,s130,a4334
r262,s131,a2071
r263,s131,a1702
r264,s132,a4697
r265,s132,a5658
r266,s133,a4940
r267,s133,a1184
r268,s134,a5467
r269,s134,a3655
r270,s135,a4153
r271,s135,a1723
r272,s136,a7273
r273,s136,a2465
r274,s137,a156
r275,s137,a2295
r276,s138,a8631
r277,s138,a5154
r278,s139,a10206
r279,s139,a4539
r280,s140,a4150
r281,s140,a2089
r282,s141,a8659
r283,s141,a932
r284,s142,a304
r285,s142,a2491
r286,s143,a2567
r287,s143,a7735
r288,s144,a9096
r289,s144,a10633
r290,s145,a1000
r291,s145,a3081
r292,s146,a2974
r293,s146,a5651
r294,s147,a5244
r295,s147,a9742
r296,s148,a9728
r297,s148,a1664
r298,s149,a4074
r299,s149,a330
r300,s150,a8528
r301,s150,a8379
r302,s151,a9417
r303,s151,a8964
r304,s152,a852
r305,s152,a5364
r306,s153,a7293
r307,s153,a6270
r308,s154,a3918
r309,s154,a6834
r310,s155,a4094
r311,s155,a2073
r312,s156,a2869
r313,s156,a5503
r314,s157,a4799
r315,s157,a3975
r316,s158,a6379
r317,s158,a1286
r318,s159,a7501
r319,s159,a3012
r320,s160,a8840
r321,s160,a4859
r322,s161,a6412
r323,s161,a4972
r324,s162,a174
r325,s162,a7668
r326,s163,a1152
r327,s163,a7885
r328,s164,a5146
r329,s164,a641
r330,s165,a3674
r331,s165,a6200
r332,s166,a10192
r333,s166,a9033
r334,s167,a3679
r335,s167,a9226
r336,s168,a1066
r337,s168,a6563
r338,s169,a2782
r339,s169,a10640
r340,s170,a4446
r341,s170,a2914
r342,s171,a8814
r343,s171,a7192
r344,s172,a9769
r345,s172,a6279
r346,s173,a8458
r347,s173,a8906
r348,s174,a1145
r349,s174,a9050
r350,s175,a232
r351,s175,a6713
r352,s176,a9775
r353,s176,a6651
r354,s177,a6194
r355,s177,a7339
r356,s178,a4173
r357,s178,a3964
r358,s179,a4679
r359,s179,a2719
r360,s180,a1537
r361,s180,a1957
r362,s181,a6161
r363,s181,a670
r364,s182,a7485
r365,s182,a8968
r366,s183,a2064
r367,s183,a2520
r368,s184,a8537
r369,s184,a8138
r370,s185,a4112
r371,s185,a9366
r372,s186,a2779
r373,s186,a932
r374,s187,a10553
r375,s187,a944
r376,s188,a9416
r377,s188,a3186
r378,s189,a10510
r379,s189,a10254
r380,s190,a8734
r381,s190,a705
r382,s191,a9748
r383,s191,a812
r384,s192,a6953
r385,s192,a3806
r386,s193,a4988
r387,s193,a4508
r388,s194,a1874
r389,s194,a1921
r390,s195,a4209
r391,s195,a77
r392,s196,a2714
r393,s196,a5135
r394,s197,a5935
r395,s197,a10641
r396,s198,a714
r397,s198,a9371
r398,s199,a5416
r399,s199,a3168
r400,s200,a3792
r401,s200,a8099
r402,s201,a4848
r403,s201,a2888
r404,s202,a1417
r405,s202,a10429
r406,s203,a8041
r407,s203,a3944
r408,s204,a4414
r409,s204,a7138
r410,s205,a8235
r411,s205,a9182
r412,s206,a8332
r413,s206,a2653
r414,s207,a508
r415,s207,a6724
r416,s208,a1460
r417,s208,a7492
r418,s209,a413
r419,s209,a5146
r420,s210,a1024
r421,s210,a26
r422,s211,a10103
r423,s211,a4673
r424,s212,a10006
r425,s212,a9757
r426,s213,a4184
r427,s213,a6184
r428,s214,a10494
r429,s214,a9160
r430,s215,a8647
r431,s215,a1708
r432,s216,a5864
r433,s216,a10227
r434,s217,a955
r435,s217,a6582
r436,s218,a10616
r437,s218,a8264
r438,s219,a2987
r439,s219,a5653
r440,s220,a8911
r441,s220,a146
r442,s221,a5123
r443,s221,a10549
r444,s222,a4181
r445,s222,a1052
r446,s223,a386
r447,s223,a6496
r448,s224,a9015
r449,s224,a10625
r450,s225,a8821
r451,s225,a1850
r452,s226,a3811
r453,s226,a893
r454,s227,a6692
r455,s227,a5400
r456,s228,a121
r457,s228,a8880
r458,s229,a4333
r459,s229,a4305
r460,s230,a2788
r461,s230,a1850
r462,s231,a8637
r463,s231,a4361
r464,s232,a10050
r465,s232,a9486
r466,s233,a8918
r467,s233,a4265
r468,s234,a8068
r469,s234,a10470
r470,s235,a7971
r471,s235,a8312
r472,s236,a6245
r473,s236,a3418
r474,s237,a3692
r475,s237,a7110
r476,s238,a9839
r477,s238,a5320
r478,s239,a6480
r479,s239,a8261
r480,s240,a9093
r481,s240,a3724
r482,s241,a8671
r483,s241,a1526
r484,s242,a6756
r485,s242,a10671
r486,s243,a5503
r487,s243,a7751
r488,s244,a10428
r489,s244,a5693
r490,s245,a7617
r491,s245,a8797
r492,s246,a507
r493,s246,a1065
r494,s247,a4338
r495,s247,a10625
r496,s248,a4487
r497,s248,a1590
r498,s249,a2609
r499,s249,a1562
r500,s250,a2792
r501,s250,a4745
r502,s251,a10409
r503,s251,a9421
r504,s252,a1738
r505,s252,a9312
r506,s253,a926
r507,s253,a1418
r508,s254,a2754
r509,s254,a1631
r510,s255,a9296
r511,s255,a1783
r512,s256,a7344
r513,s256,a5467
r514,s257,a5676
r515,s257,a8341
r516,s258,a1291
r517,s258,a8979
r518,s259,a6671
r519,s259,a4529
r520,s260,a10409
r521,s260,a7696
r522,s261,a8228
r523,s261,a4054
r524,s262,a4901
r525,s262,a1851
r526,s263,a9146
r527,s263,a10046
r528,s264,a2275
r529,s264,a5483
r530,s265,a10131
r531,s265,a10317
r532,s266,a4019
r533,s266,a8657
r534,s267,a5798
r535,s267,a6354
r536,s268,a7692
r537,s268,a6717
r538,s269,a8862
r539,s269,a8404
r540,s270,a6830
r541,s270,a3063
r542,s271,a4402
r543,s271,a5951
r544,s272,a264
r545,s272,a9010
r546,s273,a7262
r547,s273,a3671
r548,s274,a8315
r549,s274,a10598
r550,s275,a9216
r551,s275,a6575
r552,s276,a1544
r553,s276,a353
r554,s277,a10266
r555,s277,a8538
r556,s278,a8906
r557,s278,a418
r558,s279,a3695
r559,s279,a5164
r560,s280,a6308
r561,s280,a10010
r562,s281,a674
r563,s281,a3454
r564,s282,a1109
r565,s282,a1940
r566,s283,a4913
r567,s283,a4181
r568,s284,a4022
r569,s284,a37
r570,s285,a9606
r571,s285,a10458
r572,s286,a2206
r573,s286,a9514
r574,s287,a6800
r575,s287,a878
r576,s288,a9167
r577,s288,a6135
r578,s289,a2481
r579,s289,a8763
r580,s290,a6006
r581,s290,a2232
r582,s291,a3742
r583,s291,a9225
r584,s292,a6181
r585,s292,a7338
r586,s293,a4344
r587,s293,a4007
r588,s294,a10503
r589,s294,a9865
r590,s295,a2527
r591,s295,a8504
r592,s296,a8091
r593,s296,a1422
r594,s297,a4918
r595,s297,a5358
r596,s298,a9160
r597,s298,a5451
r598,s299,a468
r599,s299,a3533
r600,s300,a10209
r601,s300,a10430
r602,s301,a10384
r603,s301,a3325
r604,s302,a4501
r605,s302,a5184
r606,s303,a9144
r607,s303,a10260
r608,s304,a7133
r609,s304,a9511
r610,s305,a4829
r611,s305,a1162
r612,s306,a6494
r613,s306,a1020
r614,s307,a984
r615,s307,a6315
r616,s308,a3817
r617,s308,a1531
r618,s309,a8347
r619,s309,a164
r620,s310,a624
r621,s310,a1748
r622,s311,a5705
r623,s311,a1996
r624,s312,a3437
r625,s312,a2434
r626,s313,a7851
r627,s313,a2869
r628,s314,a4497
r629,s314,a8210
r630,s315,a9316
r631,s315,a404
r632,s316,a10211
r633,s316,a8063
r634,s317,a1792
r635,s317,a7773
r636,s318,a7331
r637,s318,a349
r638,s319,a4490
r639,s319,a268
r640,s320,a10241
r641,s320,a4976
r642,s321,a3072
r643,s321,a1713
r644,s322,a66
r645,s322,a5251
r646,s323,a1173
r647,s323,a5099
r648,s324,a2991
r649,s324,a211
r650,s325,a10407
r651,s325,a2520
r652,s326,a6055
r653,s326,a4794
r654,s327,a7892
r655,s327,a3208
r656,s328,a4576
r657,s328,a6737
r658,s329,a5299
r659,s329,a9439
r660,s330,a3685
r661,s330,a8892
r662,s331,a6152
r663,s331,a2541
r664,s332,a3861
r665,s332,a5625
r666,s333,a5671
r667,s333,a9070
r668,s334,a1916
r669,s334,a1411
r670,s335,a3150
r671,s335,a4137
r672,s336,a9595
r673,s336,a610
r674,s337,a6782
r675,s337,a3771
r676,s338,a10401
r677,s338,a3724
r678,s339,a6898
r679,s339,a7544
r680,s340,a355
r681,s340,a9192
r682,s341,a10123
r683,s341,a6991
r684,s342,a1732
r685,s342,a8350
r686,s343,a4190
r687,s343,a4905
r688,s344,a6180
r689,s344,a9424
r690,s345,a10552
r691,s345,a2683
r692,s346,a5985
r693,s346,a7455
r694,s347,a6162
r695,s347,a2990
r696,s348,a6753
r697,s348,a3137
r698,s349,a6796
r699,s349,a3421
r700,s350,a10456
r701,s350,a10101
r702,s351,a10344
r703,s351,a3382
r704,s352,a3381
r705,s352,a397
r706,s353,a4469
r707,s353,a4298
r708,s354,a1604
r709,s354,a9679
r710,s355,a5799
r711,s355,a7295
r712,s356,a1677
r713,s356,a5066
r714,s357,a32
r715,s357,a154
r716,s358,a5325
r717,s358,a4902
r718,s359,a7781
r719,s359,a709
r720,s360,a517
r721,s360,a1692
r722,s361,a2012
r723,s361,a9275
r724,s362,a1625
r725,s362,a7120
r726,s363,a5560
r727,s363,a8219
r728,s364,a6782
r729,s364,a5743
r730,s365,a6624
r731,s365,a9914
r732,s366,a10093
r733,s366,a5218
r734,s367,a1881
r735,s367,a4973
r736,s368,a10422
r737,s368,a2089
r738,s369,a2138
r739,s369,a5102
r740,s370,a4841
r741,s370,a2574
r742,s371,a4853
r743,s371,a3844
r744,s372,a5567
r745,s372,a560
r746,s373,a124
r747,s373,a9062
r748,s374,a1440
r749,s374,a7632
r750,s375,a1877
r751,s375,a5464
r752,s376,a6466
r753,s376,a8238
r754,s377,a2754
r755,s377,a575
r756,s378,a4561
r757,s378,a4065
r758,s379,a6742
r759,s379,a4929
r760,s380,a3846
r761,s380,a453
r762,s381,a7755
r763,s381,a9947
r764,s382,a1999
r765,s382,a10353
r766,s383,a1679
r767,s383,a8975
r768,s384,a6962
r769,s384,a4801
r770,s385,a4175
r771,s385,a8487
r772,s386,a4341
r773,s386,a31
r774,s387,a8795
r775,s387,a2358
r776,s388,a6497
r777,s388,a6136
r778,s389,a5994
r779,s389,a1232
r780,s390,a2554
r781,s390,a4355
r782,s391,a8834
r783,s391,a1602
r784,s392,a2645
r785,s392,a8644
r786,s393,a910
r787,s393,a5685
r788,s394,a6836
r789,s394,a3499
r790,s395,a10075
r791,s395,a8449
r792,s396,a9177
r793,s396,a7696
r794,s397,a2350
r795,s397,a2952
r796,s398,a1767
r797,s398,a6896
r798,s399,a3506
r799,s399,a5441
r800,s400,a9207
r801,s400,a2183
r802,s401,a7589
r803,s401,a8953
r804,s402,a7776
r805,s402,a2143
r806,s403,a4799
r807,s403,a9315
r808,s404,a9071
r809,s404,a3829
r810,s405,a1697
r811,s405,a7360
r812,s406,a5841
r813,s406,a1803
r814,s407,a1642
r815,s407,a7189
r816,s408,a3592
r817,s408,a8395
r818,s409,a899
r819,s409,a5593
r820,s410,a8648
r821,s410,a10428
r822,s411,a7093
r823,s411,a6387
r824,s412,a7729
r825,s412,a6426
r826,s413,a7104
r827,s413,a3211
r828,s414,a4027
r829,s414,a8877
r830,s415,a3645
r831,s415,a5190
r832,s416,a5480
r833,s416,a9938
r834,s417,a3376
r835,s417,a1338
r836,s418,a4734
r837,s418,a3968
r838,s419,a5226
r839,s419,a500
r840,s420,a9093
r841,s420,a1169
r842,s421,a8690
r843,s421,a9032
r844,s422,a2625
r845,s422,a4682
r846,s423,a7061
r847,s423,a923
r848,s424,a5289
r849,s424,a1731
r850,s425,a1570
r851,s425,a10466
r852,s426,a3935
r853,s426,a1853
r854,s427,a8372
r855,s427,a5323
r856,s428,a1691
r857,s428,a1066
r858,s429,a1640
r859,s429,a2596
r860,s430,a10476
r861,s430,a786
r862,s431,a5700
r863,s431,a104
r864,s432,a7629
r865,s432,a3568
r866,s433,a3810
r867,s433,a210
r868,s434,a1962
r869,s434,a10387
r870,s435,a1613
r871,s435,a3238
r872,s436,a9863
r873,s436,a10115
r874,s437,a6734
r875,s437,a10443
r876,s438,a7512
r877,s438,a3969
r878,s439,a6000
r879,s439,a7227
r880,s440,a3232
r881,s440,a1686
r882,s441,a2639
r883,s441,a5712
r884,s442,a3999
r885,s442,a10494
r886,s443,a7420
r887,s443,a1862
r888,s444,a983
r889,s444,a8272
r890,s445,a2479
r891,s445,a4900
r892,s446,a4610
r893,s446,a4209
r894,s447,a2780
r895,s447,a4344
r896,s448,a6359
r897,s448,a3559
r898,s449,a6382
r899,s449,a3062
r900,s450,a8524
r901,s450,a8658
r902,s451,a385
r903,s451,a8431
r904,s452,a2381
r905,s452,a5153
r906,s453,a2726
r907,s453,a5875
r908,s454,a6790
r909,s454,a2546
r910,s455,a3832
r911,s455,a7567
r912,s456,a7649
r913,s456,a5638
r914,s457,a1790
r915,s457,a2836
r916,s458,a2011
r917,s458,a8284
r918,s459,a9588
r919,s459,a2427
r920,s460,a8431
r921,s460,a2816
r922,s461,a3184
r923,s461,a9224
r924,s462,a8900
r925,s462,a4936
r926,s463,a3815
r927,s463,a692
r928,s464,a1959
r929,s464,a3835
r930,s465,a1207
r931,s465,a10163
r932,s466,a4897
r933,s466,a356
r934,s467,a10643
r935,s467,a5187
r936,s468,a8266
r937,s468,a9374
r938,s469,a9686
r939,s469,a1939
r940,s470,a4491
r941,s470,a55
r942,s471,a6817
r943,s471,a5210
r944,s472,a3013
r945,s472,a5864
r946,s473,a973
r947,s473,a1242
r948,s474,a3201
r949,s474,a6487
r950,s475,a9886
r951,s475,a7557
r952,s476,a10602
r953,s476,a2981
r954,s477,a9463
r955,s477,a9732
r956,s478,a174
r957,s478,a669
r958,s479,a5308
r959,s479,a9792
r960,s480,a230
r961,s480,a7661
r962,s481,a1990
r963,s481,a6158
r964,s482,a3014
r965,s482,a3916
r966,s483,a7665
r967,s483,a9435
r968,s484,a1689
r969,s484,a8243
r970,s485,a4925
r971,s485,a8372
r972,s486,a1396
r973,s486,a10414
r974,s487,a6410
r975,s487,a6140
r976,s488,a2559
r977,s488,a6528
r978,s489,a8855
r979,s489,a6558
r980,s490,a6813
r981,s490,a6260
r982,s491,a5693
r983,s491,a4660
r984,s492,a1917
r985,s492,a4274
r986,s493,a877
r987,s493,a4799
r988,s494,a3516
r989,s494,a5141
r990,s495,a681
r991,s495,a2946
r992,s496,a5998
r993,s496,a4309
r994,s497,a2015
r995,s497,a1629
r996,s498,a10350
r997,s498,a910
r998,s499,a3853
r999,s499,a3848
r1000,s500,a7423
r1001,s500,a2952
r1002,s501,a6728
r1003,s501,a3832
r1004,s502,a6801
r1005,s502,a510
r1006,s503,a6402
r1007,s503,a9669
r1008,s504,a5958
r1009,s504,a3650
r1010,s505,a10096
r1011,s505,a5297
r1012,s506,a9154
r1013,s506,a6371
r1014,s507,a807
r1015,s507,a10320
r1016,s508,a7661
r1017,s508,a7197
r1018,s509,a280
r1019,s509,a4970
r1020,s510,a815
r1021,s510,a9220
r1022,s511,a2736
r1023,s511,a9653
r1024,s512,a3347
r1025,s512,a3972
r1026,s513,a3067
r1027,s513,a1922
r1028,s514,a5261
r1029,s514,a9117
r1030,s515,a6534
r1031,s515,a2437
r1032,s516,a3736
r1033,s516,a3132
r1034,s517,a4801
r1035,s517,a5570
r1036,s518,a8401
r1037,s518,a509
r1038,s519,a3572
r1039,s519,a10352
r1040,s520,a5538
r1041,s520,a30
r1042,s521,a5303
r1043,s521,a4710
r1044,s522,a929
r1045,s522,a635
r1046,s523,a3865
r1047,s523,a6916
r1048,s524,a3200
r1049,s524,a9538
r1050,s525,a8107
r1051,s525,a9784
r1052,s526,a9535
r1053,s526,a7461
r1054,s527,a7474
r1055,s527,a3742
r1056,s528,a6688
r1057,s528,a382
r1058,s529,a3861
r1059,s529,a6083
r1060,s530,a7052
r1061,s530,a5148
r1062,s531,a3826
r1063,s531,a3319
r1064,s532,a1358
r1065,s532,a7116
r1066,s533,a1402
r1067,s533,a9790
r1068,s534,a3456
r1069,s534,a9359
r1070,s535,a7395
r1071,s535,a7614
r1072,s536,a6558
r1073,s536,a6423
r1074,s537,a2446
r1075,s537,a9659
r1076,s538,a7007
r1077,s538,a3395
r1078,s539,a1610
r1079,s539,a8766
r1080,s540,a5357
r1081,s540,a1704
r1082,s541,a5075
r1083,s541,a398
r1084,s542,a969
r1085,s542,a3197
r1086,s543,a5138
r1087,s543,a5953
r1088,s544,a956
r1089,s544,a7005
r1090,s545,a8440
r1091,s545,a3509
r1092,s546,a4999
r1093,s546,a915
r1094,s547,a1913
r1095,s547,a7629
r1096,s548,a7047
r1097,s548,a4201
r1098,s549,a5848
r1099,s549,a3708
r1100,s550,a7190
r1101,s550,a706
r1102,s551,a934
r1103,s551,a3523
r1104,s552,a4541
r1105,s552,a109
r1106,s553,a3064
r1107,s553,a7059
r1108,s554,a3170
r1109,s554,a6303
r1110,s555,a5116
r1111,s555,a6954
r1112,s556,a3784
r1113,s556,a6180
r1114,s557,a3188
r1115,s557,a1735
r1116,s558,a8362
r1117,s558,a7421
r1118,s559,a8392
r1119,s559,a2736
r1120,s560,a8291
r1121,s560,a3456
r1122,s561,a7993
r1123,s561,a9394
r1124,s562,a4400
r1125,s562,a957
r1126,s563,a5407
r1127,s563,a1896
r1128,s564,a10627
r1129,s564,a1496
r1130,s565,a1882
r1131,s565,a7517
r1132,s566,a1832
r1133,s566,a7917
r1134,s567,a9733
r1135,s567,a5829
r1136,s568,a2699
r1137,s568,a55
r1138,s569,a8796
r1139,s569,a2140
r1140,s570,a9255
r1141,s570,a7721
r1142,s571,a4358
r1143,s571,a297
r1144,s572,a8066
r1145,s572,a4036
r1146,s573,a969
r1147,s573,a303
r1148,s574,a10534
r1149,s574,a8668
r1150,s575,a685
r1151,s575,a7817
r1152,s576,a374
r1153,s576,a6738
r1154,s577,a5074
r1155,s577,a8363
r1156,s578,a9011
r1157,s578,a6467
r1158,s579,a3752
r1159,s579,a4876
r1160,s580,a3862
r1161,s580,a5789
r1162,s581,a8418
r1163,s581,a4167
r1164,s582,a5643
r1165,s582,a3174
r1166,s583,a7527
r1167,s583,a4791
r1168,s584,a1051
r1169,s584,a4949
r1170,s585,a3660
r1171,s585,a9645
r1172,s586,a3609
r1173,s586,a3527
r1174,s587,a1451
r1175,s587,a10617
r1176,s588,a1991
r1177,s588,a6030
r1178,s589,a10624
r1179,s589,a9173
r1180,s590,a5045
r1181,s590,a7983
r1182,s591,a6170
r1183,s591,a8053
r1184,s592,a6705
r1185,s592,a8065
r1186,s593,a6597
r1187,s593,a4721
r1188,s594,a8284
r1189,s594,a5179
r1190,s595,a8711
r1191,s595,a8846
r1192,s596,a8832
r1193,s596,a3204
r1194,s597,a1113
r1195,s597,a1418
r1196,s598,a9964
r1197,s598,a9032
r1198,s599,a3605
r1199,s599,a4409
r1200,s600,a10457
r1201,s600,a1330
r1202,s601,a3447
r1203,s601,a442
r1204,s602,a8146
r1205,s602,a8772
r1206,s603,a6285
r1207,s603,a8174
r1208,s604,a8016
r1209,s604,a5967
r1210,s605,a10513
r1211,s605,a1387
r1212,s606,a4315
r1213,s606,a10137
r1214,s607,a2284
r1215,s607,a8539
r1216,s608,a364
r1217,s608,a1391
r1218,s609,a7816
r1219,s609,a7737
r1220,s610,a7896
r1221,s610,a9966
r1222,s611,a8924
r1223,s611,a6586
r1224,s612,a351
r1225,s612,a9366
r1226,s613,a4298
r1227,s613,a6662
r1228,s614,a7364
r1229,s614,a8284
r1230,s615,a470
r1231,s615,a9477
r1232,s616,a7922
r1233,s616,a4520
r1234,s617,a2146
r1235,s617,a5676
r1236,s618,a7635
r1237,s618,a5098
r1238,s619,a7037
r1239,s619,a8919
r1240,s620,a1976
r1241,s620,a8425
r1242,s621,a8940
r1243,s621,a1904
r1244,s622,a6263
r1245,s622,a7715
r1246,s623,a7006
r1247,s623,a1744
r1248,s624,a1629
r1249,s624,a10593
r1250,s625,a6749
r1251,s625,a8563
r1252,s626,a7865
r1253,s626,a518
r1254,s627,a1198
r1255,s627,a10008
r1256,s628,a936
r1257,s628,a10203
r1258,s629,a8372
r1259,s629,a8019
r1260,s630,a9439
r1261,s630,a9615
r1262,s631,a3129
r1263,s631,a8220
r1264,s632,a2668
r1265,s632,a846
r1266,s633,a9695
r1267,s633,a8282
r1268,s634,a5907
r1269,s634,a6204
r1270,s635,a8880
r1271,s635,a10401
r1272,s636,a6173
r1273,s636,a26
r1274,s637,a2585
r1275,s637,a342
r1276,s638,a8222
r1277,s638,a9473
r1278,s639,a8654
r1279,s639,a3069
r1280,s640,a2921
r1281,s640,a6969
r1282,s641,a6709
r1283,s641,a4777
r1284,s642,a4711
r1285,s642,a10611
r1286,s643,a2458
r1287,s643,a2864
r1288,s644,a4810
r1289,s644,a6924
r1290,s645,a416
r1291,s645,a5255
r1292,s646,a6621
r1293,s646,a1497
r1294,s647,a5975
r1295,s647,a2727
r1296,s648,a3
r1297,s648,a5347
r1298,s649,a3153
r1299,s649,a5803
r1300,s650,a3871
r1301,s650,a7080
r1302,s651,a4090
r1303,s651,a8607
r1304,s652,a2298
r1305,s652,a1981
r1306,s653,a8544
r1307,s653,a9134
r1308,s654,a9180
r1309,s654,a3902
r1310,s655,a730
r1311,s655,a827
r1312,s656,a6369
r1313,s656,a3080
r1314,s657,a3226
r1315,s657,a740
r1316,s658,a141
r1317,s658,a4204
r1318,s659,a201
r1319,s659,a8891
r1320,s660,a4642
r1321,s660,a10032
r1322,s661,a6993
r1323,s661,a8207
r1324,s662,a8501
r1325,s662,a3956
r1326,s663,a7892
r1327,s663,a1970
r1328,s664,a7426
r1329,s664,a7306
r1330,s665,a9547
r1331,s665,a3766
r1332,s666,a5558
r1333,s666,a4052
r1334,s667,a3157
r1335,s667,a2030
r1336,s668,a7427
r1337,s668,a10581
r1338,s669,a5363
r1339,s669,a10385
r1340,s670,a5780
r1341,s670,a1882
r1342,s671,a7795
r1343,s671,a8903
r1344,s672,a704
r1345,s672,a2518
r1346,s673,a7728
r1347,s673,a6010
r1348,s674,a8610
r1349,s674,a6498
r1350,s675,a9722
r1351,s675,a1344
r1352,s676,a9458
r1353,s676,a6876
r1354,s677,a5558
r1355,s677,a9285
r1356,s678,a6282
r1357,s678,a3643
r1358,s679,a6902
r1359,s679,a4927
r1360,s680,a2958
r1361,s680,a8280
r1362,s681,a6501
r1363,s681,a9679
r1364,s682,a278
r1365,s682,a7355
r1366,s683,a484
r1367,s683,a9579
r1368,s684,a2923
r1369,s684,a7606
r1370,s685,a1910
r1371,s685,a7644
r1372,s686,a3023
r1373,s686,a8634
r1374,s687,a6731
r1375,s687,a697
r1376,s688,a5874
r1377,s688,a7711
r1378,s689,a3468
r1379,s689,a3781
r1380,s690,a1418
r1381,s690,a5069
r1382,s691,a10192
r1383,s691,a6571
r1384,s692,a2415
r1385,s692,a9237
r1386,s693,a4033
r1387,s693,a1178
r1388,s694,a1217
r1389,s694,a8912
r1390,s695,a1799
r1391,s695,a9196
r1392,s696,a10109
r1393,s696,a8509
r1394,s697,a1605
r1395,s697,a2920
r1396,s698,a9958
r1397,s698,a3095
r1398,s699,a3785
r1399,s699,a337
r1400,s700,a969
r1401,s700,a1622
r1402,s701,a5172
r1403,s701,a1652
r1404,s702,a263
r1405,s702,a7578
r1406,s703,a3257
r1407,s703,a997
r1408,s704,a608
r1409,s704,a5716
r1410,s705,a10079
r1411,s705,a10333
r1412,s706,a6888
r1413,s706,a3563
r1414,s707,a528
r1415,s707,a2172
r1416,s708,a369
r1417,s708,a8891
r1418,s709,a8572
r1419,s709,a3994
r1420,s710,a5969
r1421,s710,a4789
r1422,s711,a8887
r1423,s711,a365
r1424,s712,a4313
r1425,s712,a7122
r1426,s713,a3246
r1427,s713,a7446
r1428,s714,a5512
r1429,s714,a3027
r1430,s715,a2827
r1431,s715,a1864
r1432,s716,a703
r1433,s716,a3967
r1434,s717,a10451
r1435,s717,a3081
r1436,s718,a6371
r1437,s718,a859
r1438,s719,a1196
r1439,s719,a2480
r1440,s720,a1343
r1441,s720,a7255
r1442,s721,a9661
r1443,s721,a5657
r1444,s722,a6698
r1445,s722,a9748
r1446,s723,a3285
r1447,s723,a9008
r1448,s724,a3463
r1449,s724,a5674
r1450,s725,a6141
r1451,s725,a7979
r1452,s726,a8843
r1453,s726,a10618
r1454,s727,a7130
r1455,s727,a10625
r1456,s728,a5965
r1457,s728,a2900
r1458,s729,a2853
r1459,s729,a3923
r1460,s730,a2920
r1461,s730,a3104
r1462,s731,a2772
r1463,s731,a5529
r1464,s732,a8193
r1465,s732,a4748
r1466,s733,a1914
r1467,s733,a2744
r1468,s734,a4993
r1469,s734,a8627
r1470,s735,a7190
r1471,s735,a10401
r1472,s736,a3656
r1473,s736,a2495
r1474,s737,a2766
r1475,s737,a7183
r1476,s738,a3700
r1477,s738,a616
r1478,s739,a5117
r1479,s739,a10542
r1480,s740,a9228
r1481,s740,a8575
r1482,s741,a4371
r1483,s741,a10488
r1484,s742,a3535
r1485,s742,a7832
r1486,s743,a3511
r1487,s743,a213
r1488,s744,a6277
r1489,s744,a707
r1490,s745,a8055
r1491,s745,a6786
r1492,s746,a7005
r1493,s746,a2280
r1494,s747,a3025
r1495,s747,a9540
r1496,s748,a6295
r1497,s748,a10555
r1498,s749,a5615
r1499,s749,a10005
r1500,s750,a6374
r1501,s750,a6996
r1502,s751,a295
r1503,s751,a2073
r1504,s752,a10458
r1505,s752,a3651
r1506,s753,a9477
r1507,s753,a5924
r1508,s754,a6512
r1509,s754,a8309
r1510,s755,a7405
r1511,s755,a2961
r1512,s756,a6922
r1513,s756,a10384
r1514,s757,a6706
r1515,s757,a3829
r1516,s758,a9053
r1517,s758,a3007
r1518,s759,a1861
r1519,s759,a6333
r1520,s760,a4968
r1521,s760,a3891
r1522,s761,a10532
r1523,s761,a4232
r1524,s762,a4463
r1525,s762,a4992
r1526,s763,a10301
r1527,s763,a4795
r1528,s764,a764
r1529,s764,a6534
r1530,s765,a8979
r1531,s765,a5265
r1532,s766,a916
r1533,s766,a7173
r1534,s767,a2407
r1535,s767,a1026
r1536,s768,a10450
r1537,s768,a3518
r1538,s769,a2089
r1539,s769,a6866
r1540,s770,a8673
r1541,s770,a3947
r1542,s771,a8530
r1543,s771,a86
r1544,s772,a3678
r1545,s772,a8950
r1546,s773,a733
r1547,s773,a7596
r1548,s774,a5648
r1549,s774,a7983
r1550,s775,a7563
r1551,s775,a2751
r1552,s776,a2255
r1553,s776,a972
r1554,s777,a5323
r1555,s777,a1142
r1556,s778,a1650
r1557,s778,a479
r1558,s779,a6909
r1559,s779,a7040
r1560,s780,a463
r1561,s780,a9384
r1562,s781,a2940
r1563,s781,a681
r1564,s782,a9532
r1565,s782,a7806
r1566,s783,a5788
r1567,s783,a4950
r1568,s784,a1105
r1569,s784,a3762
r1570,s785,a9063
r1571,s785,a4992
r1572,s786,a4567
r1573,s786,a1274
r1574,s787,a7836
r1575,s787,a8048
r1576,s788,a4966
r1577,s788,a10561
r1578,s789,a1938
r1579,s789,a2983
r1580,s790,a2215
r1581,s790,a7919
r1582,s791,a5345
r1583,s791,a8791
r1584,s792,a528
r1585,s792,a3443
r1586,s793,a5598
r1587,s793,a10282
r1588,s794,a6403
r1589,s794,a10507
r1590,s795,a7311
r1591,s795,a1823
r1592,s796,a9504
r1593,s796,a7119
r1594,s797,a3282
r1595,s797,a2186
r1596,s798,a7620
r1597,s798,a1959
r1598,s799,a566
r1599,s799,a6204
r1600,s800,a7181
r1601,s800,a9228
r1602,s801,a7422
r1603,s801,a8983
r1604,s802,a6105
r1605,s802,a8696
r1606,s803,a890
r1607,s803,a6382
r1608,s804,a7198
r1609,s804,a2641
r1610,s805,a3486
r1611,s805,a5320
r1612,s806,a2078
r1613,s806,a5970
r1614,s807,a254
r1615,s807,a2848
r1616,s808,a6081
r1617,s808,a5538
r1618,s809,a4827
r1619,s809,a310
r1620,s810,a10300
r1621,s810,a8778
r1622,s811,a9633
r1623,s811,a9536
r1624,s812,a2962
r1625,s812,a1978
r1626,s813,a8259
r1627,s813,a3852
r1628,s814,a5564
r1629,s814,a7648
r1630,s815,a4488
r1631,s815,a69
r1632,s816,a6289
r1633,s816,a8381
r1634,s817,a352
r1635,s817,a6228
r1636,s818,a8895
r1637,s818,a1855
r1638,s819,a7697
r1639,s819,a5789
r1640,s820,a10506
r1641,s820,a8981
r1642,s821,a6004
r1643,s821,a2940
r1644,s822,a2281
r1645,s822,a1729
r1646,s823,a3135
r1647,s823,a9189
r1648,s824,a9417
r1649,s824,a1775
r1650,s825,a5583
r1651,s825,a4714
r1652,s826,a1195
r1653,s826,a7564
r1654,s827,a5114
r1655,s827,a10010
r1656,s828,a4922
r1657,s828,a571
r1658,s829,a2113
r1659,s829,a8556
r1660,s830,a7943
r1661,s830,a4431
r1662,s831,a9678
r1663,s831,a7285
r1664,s832,a6129
r1665,s832,a8674
r1666,s833,a10590
r1667,s833,a9386
r1668,s834,a6381
r1669,s834,a924
r1670,s835,a5926
r1671,s835,a10350
r1672,s836,a9543
r1673,s836,a10244
r1674,s837,a2298
r1675,s837,a4262
r1676,s838,a3882
r1677,s838,a5310
r1678,s839,a6767
r1679,s839,a6106
r1680,s840,a2967
r1681,s840,a6945
r1682,s841,a2684
r1683,s841,a1999
r1684,s842,a694
r1685,s842,a10277
r1686,s843,a6744
r1687,s843,a10485
r1688,s844,a5321
r1689,s844,a10200
r1690,s845,a3087
r1691,s845,a9839
r1692,s846,a3275
r1693,s846,a6851
r1694,s847,a10105
r1695,s847,a4376
r1696,s848,a3753
r1697,s848,a3683
r1698,s849,a10405
r1699,s849,a7565
r1700,s850,a1519
r1701,s850,a121
r1702,s851,a10591
r1703,s851,a3758
r1704,s852,a6111
r1705,s852,a2495
r1706,s853,a3085
r1707,s853,a7184
r1708,s854,a1257
r1709,s854,a3043
r1710,s855,a6531
r1711,s855,a7605
r1712,s856,a1509
r1713,s856,a7121
r1714,s857,a6887
r1715,s857,a7461
r1716,s858,a2370
r1717,s858,a4138
r1718,s859,a7038
r1719,s859,a1264
r1720,s860,a5335
r1721,s860,a10417
r1722,s861,a6988
r1723,s861,a7187
r1724,s862,a8660
r1725,s862,a4617
r1726,s863,a2025
r1727,s863,a10206
r1728,s864,a10331
r1729,s864,a1925
r1730,s865,a4513
r1731,s865,a4219
r1732,s866,a5683
r1733,s866,a5349
r1734,s867,a283
r1735,s867,a8904
r1736,s868,a714
r1737,s868,a1409
r1738,s869,a8758
r1739,s869,a2102
r1740,s870,a1933
r1741,s870,a1034
r1742,s871,a4463
r1743,s871,a2144
r1744,s872,a2019
r1745,s872,a8359
r1746,s873,a7190
r1747,s873,a8067
r1748,s874,a3559
r1749,s874,a3162
r1750,s875,a4830
r1751,s875,a4428
r1752,s876,a3217
r1753,s876,a2682
r1754,s877,a7326
r1755,s877,a5757
r1756,s878,a4948
r1757,s878,a3173
r1758,s879,a7285
r1759,s879,a9007
r1760,s880,a3904
r1761,s880,a7994
r1762,s881,a10231
r1763,s881,a9405
r1764,s882,a2372
r1765,s882,a10196
r1766,s883,a1132
r1767,s883,a457
r1768,s884,a5546
r1769,s884,a8869
r1770,s885,a1310
r1771,s885,a5087
r1772,s886,a2039
r1773,s886,a6380
r1774,s887,a3844
r1775,s887,a7302
r1776,s888,a7848
r1777,s888,a6547
r1778,s889,a8772
r1779,s889,a7224
r1780,s890,a663
r1781,s890,a4770
r1782,s891,a5333
r1783,s891,a2457
r1784,s892,a4243
r1785,s892,a85
r1786,s893,a1734
r1787,s893,a7646
r1788,s894,a3844
r1789,s894,a815
r1790,s895,a8595
r1791,s895,a1476
r1792,s896,a2512
r1793,s896,a8955
r1794,s897,a2863
r1795,s897,a3184
r1796,s898,a8593
r1797,s898,a8833
r1798,s899,a8023
r1799,s899,a49
r1800,s900,a769
r1801,s900,a6857
r1802,s901,a6341
r1803,s901,a3597
r1804,s902,a1100
r1805,s902,a3894
r1806,s903,a3884
r1807,s903,a2945
r1808,s904,a1665
r1809,s904,a31
r1810,s905,a5823
r1811,s905,a7831
r1812,s906,a1509
r1813,s906,a262
r1814,s907,a1747
r1815,s907,a3413
r1816,s908,a8802
r1817,s908,a1254
r1818,s909,a4850
r1819,s909,a6301
r1820,s910,a3172
r1821,s910,a3671
r1822,s911,a7163
r1823,s911,a4595
r1824,s912,a90
r1825,s912,a4052
r1826,s913,a8278
r1827,s913,a10547
r1828,s914,a10448
r1829,s914,a9866
r1830,s915,a8193
r1831,s915,a10537
r1832,s916,a8890
r1833,s916,a4487
r1834,s917,a8476
r1835,s917,a1585
r1836,s918,a2288
r1837,s918,a9066
r1838,s919,a1213
r1839,s919,a8494
r1840,s920,a2988
r1841,s920,a9745
r1842,s921,a4204
r1843,s921,a7744
r1844,s922,a212
r1845,s922,a6624
r1846,s923,a6961
r1847,s923,a3013
r1848,s924,a4716
r1849,s924,a10483
r1850,s925,a6126
r1851,s925,a2480
r1852,s926,a3524
r1853,s926,a3938
r1854,s927,a6417
r1855,s927,a6833
r1856,s928,a9954
r1857,s928,a3486
r1858,s929,a7649
r1859,s929,a10111
r1860,s930,a2817
r1861,s930,a1390
r1862,s931,a7750
r1863,s931,a4526
r1864,s932,a2472
r1865,s932,a10025
r1866,s933,a8613
r1867,s933,a1973
r1868,s934,a5785
r1869,s934,a5070
r1870,s935,a4921
r1871,s935,a911
r1872,s936,a7618
r1873,s936,a9370
r1874,s937,a5123
r1875,s937,a4784
r1876,s938,a7051
r1877,s938,a8991
r1878,s939,a1743
r1879,s939,a4621
r1880,s940,a7221
r1881,s940,a10655
r1882,s941,a7027
r1883,s941,a3513
r1884,s942,a4085
r1885,s942,a9728
r1886,s943,a569
r1887,s943,a10435
r1888,s944,a4240
r1889,s944,a8796
r1890,s945,a9814
r1891,s945,a6936
r1892,s946,a8722
r1893,s946,a2430
r1894,s947,a10563
r1895,s947,a884
r1896,s948,a1021
r1897,s948,a6964
r1898,s949,a9487
r1899,s949,a4466
r1900,s950,a10290
r1901,s950,a8793
r1902,s951,a2380
r1903,s951,a4471
r1904,s952,a3834
r1905,s952,a4540
r1906,s953,a3159
r1907,s953,a2974
r1908,s954,a2449
r1909,s954,a3909
r1910,s955,a4513
r1911,s955,a5841
r1912,s956,a1540
r1913,s956,a8266
r1914,s957,a6434
r1915,s957,a3168
r1916,s958,a2023
r1917,s958,a7363
r1918,s959,a6472
r1919,s959,a1806
r1920,s960,a4102
r1921,s960,a5825
r1922,s961,a7104
r1923,s961,a766
r1924,s962,a4970
r1925,s962,a4687
r1926,s963,a1397
r1927,s963,a4967
r1928,s964,a5481
r1929,s964,a7002
r1930,s965,a7245
r1931,s965,a4197
r1932,s966,a3165
r1933,s966,a10389
r1934,s967,a6025
r1935,s967,a8299
r1936,s968,a4815
r1937,s968,a1009
r1938,s969,a9057
r1939,s969,a10411
r1940,s970,a2698
r1941,s970,a5155
r1942,s971,a1454
r1943,s971,a9207
r1944,s972,a9616
r1945,s972,a2699
r1946,s973,a9100
r1947,s973,a4380
r1948,s974,a7290
r1949,s974,a1241
r1950,s975,a8524
r1951,s975,a1704
r1952,s976,a2810
r1953,s976,a1975
r1954,s977,a6578
r1955,s977,a8778
r1956,s978,a4976
r1957,s978,a3361
r1958,s979,a4385
r1959,s979,a6082
r1960,s980,a6624
r1961,s980,a9544
r1962,s981,a1995
r1963,s981,a4074
r1964,s982,a423
r1965,s982,a6792
r1966,s983,a5014
r1967,s983,a7328
r1968,s984,a1690
r1969,s984,a6517
r1970,s985,a7133
r1971,s985,a5594
r1972,s986,a8789
r1973,s986,a5939
r1974,s987,a1910
r1975,s987,a9628
r1976,s988,a7109
r1977,s988,a8481
r1978,s989,a5348
r1979,s989,a2542
r1980,s990,a9704
r1981,s990,a9914
r1982,s991,a4530
r1983,s991,a1287
r1984,s992,a2791
r1985,s992,a6517
r1986,s993,a69
r1987,s993,a9787
r1988,s994,a3417
r1989,s994,a3690
r1990,s995,a10431
r1991,s995,a7205
r1992,s996,a1501
r1993,s996,a8792
r1994,s997,a5203
r1995,s997,a10562
r1996,s998,a9889
r1997,s998,a8740
r1998,s999,a9734
r1999,s999,a3813
r2000,s1000,a999
r2001,s1000,a3687
r2002,s1001,a9843
r2003,s1001,a6665
r2004,s1002,a7920
r2005,s1002,a3334
r2006,s1003,a9698
r2007,s1003,a7061
r2008,s1004,a8547
r2009,s1004,a1849
r2010,s1005,a7698
r2011,s1005,a4098
r2012,s1006,a2391
r2013,s1006,a6623
r2014,s1007,a7352
r2015,s1007,a9629
r2016,s1008,a8265
r2017,s1008,a8714
r2018,s1009,a4280
r2019,s1009,a9177
r2020,s1010,a5776
r2021,s1010,a623
r2022,s1011,a8688
r2023,s1011,a9116
r2024,s1012,a4917
r2025,s1012,a2879
r2026,s1013,a1167
r2027,s1013,a5352
r2028,s1014,a6893
r2029,s1014,a9381
r2030,s1015,a5108
r2031,s1015,a5123
r2032,s1016,a4611
r2033,s1016,a9326
r2034,s1017,a8178
r2035,s1017,a9973
r2036,s1018,a1900
r2037,s1018,a3343
r2038,s1019,a7344
r2039,s1019,a6003
r2040,s1020,a1218
r2041,s1020,a7736
r2042,s1021,a3235
r2043,s1021,a5410
r2044,s1022,a9608
r2045,s1022,a9321
r2046,s1023,a4565
r2047,s1023,a3159
r2048,s1024,a5414
r2049,s1024,a6156
r2050,s1025,a6386
r2051,s1025,a9706
r2052,s1026,a6962
r2053,s1026,a9632
r2054,s1027,a6345
r2055,s1027,a1341
r2056,s1028,a6681
r2057,s1028,a6359
r2058,s1029,a5665
r2059,s1029,a7817
r2060,s1030,a4711
r2061,s1030,a9755
r2062,s1031,a3922
r2063,s1031,a8341
r2064,s1032,a8512
r2065,s1032,a1607
r2066,s1033,a727
r2067,s1033,a6286
r2068,s1034,a8712
r2069,s1034,a6224
r2070,s1035,a6767
r2071,s1035,a2465
r2072,s1036,a4026
r2073,s1036,a2138
r2074,s1037,a6972
r2075,s1037,a9073
r2076,s1038,a4585
r2077,s1038,a9875
r2078,s1039,a5205
r2079,s1039,a1299
r2080,s1040,a5723
r2081,s1040,a610
r2082,s1041,a4048
r2083,s1041,a10334
r2084,s1042,a8703
r2085,s1042,a4330
r2086,s1043,a9106
r2087,s1043,a1809
r2088,s1044,a489
r2089,s1044,a227
r2090,s1045,a6128
r2091,s1045,a9527
r2092,s1046,a141
r2093,s1046,a9014
r2094,s1047,a7800
r2095,s1047,a389
r2096,s1048,a8278
r2097,s1048,a9499
r2098,s1049,a6228
r2099,s1049,a3961
r2100,s1050,a8553
r2101,s1050,a10609
r2102,s1051,a6685
r2103,s1051,a5699
r2104,s1052,a1651
r2105,s1052,a9977
r2106,s1053,a4600
r2107,s1053,a477
r2108,s1054,a7191
r2109,s1054,a8238
r2110,s1055,a708
r2111,s1055,a4621
r2112,s1056,a1813
r2113,s1056,a5710
r2114,s1057,a9576
r2115,s1057,a177
r2116,s1058,a8253
r2117,s1058,a6064
r2118,s1059,a2020
r2119,s1059,a3649
r2120,s1060,a6930
r2121,s1060,a2657
r2122,s1061,a4989
r2123,s1061,a3951
r2124,s1062,a7580
r2125,s1062,a8926
r2126,s1063,a1950
r2127,s1063,a8350
r2128,s1064,a1949
r2129,s1064,a6673
r2130,s1065,a9668
r2131,s1065,a5537
r2132,s1066,a9591
r2133,s1066,a4119
r2134,s1067,a10569
r2135,s1067,a10418
r2136,s1068,a1537
r2137,s1068,a7514
r2138,s1069,a288
r2139,s1069,a6758
r2140,s1070,a2080
r2141,s1070,a6070
r2142,s1071,a814
r2143,s1071,a10199
r2144,s1072,a9354
r2145,s1072,a3654
r2146,s1073,a5614
r2147,s1073,a1054
r2148,s1074,a2169
r2149,s1074,a4579
r2150,s1075,a3815
r2151,s1075,a7623
r2152,s1076,a743
r2153,s1076,a7764
r2154,s1077,a2650
r2155,s1077,a6646
r2156,s1078,a7474
r2157,s1078,a3801
r2158,s1079,a3360
r2159,s1079,a7840
r2160,s1080,a2265
r2161,s1080,a2786
r2162,s1081,a995
r2163,s1081,a7020
r2164,s1082,a4729
r2165,s1082,a6603
r2166,s1083,a7713
r2167,s1083,a4407
r2168,s1084,a3971
r2169,s1084,a5570
r2170,s1085,a2377
r2171,s1085,a8236
r2172,s1086,a8613
r2173,s1086,a3053
r2174,s1087,a5749
r2175,s1087,a3891
r2176,s1088,a7556
r2177,s1088,a6099
r2178,s1089,a3338
r2179,s1089,a6172
r2180,s1090,a4136
r2181,s1090,a470
r2182,s1091,a4812
r2183,s1091,a4220
r2184,s1092,a622
r2185,s1092,a9076
r2186,s1093,a7924
r2187,s1093,a3490
r2188,s1094,a1400
r2189,s1094,a2193
r2190,s1095,a4943
r2191,s1095,a9824
r2192,s1096,a7545
r2193,s1096,a4322
r2194,s1097,a1869
r2195,s1097,a3864
r2196,s1098,a8013
r2197,s1098,a10046
r2198,s1099,a5440
r2199,s1099,a6774
r2200,s1100,a10149
r2201,s1100,a7814
r2202,s1101,a6647
r2203,s1101,a1581
r2204,s1102,a3687
r2205,s1102,a1404
r2206,s1103,a2394
r2207,s1103,a1291
r2208,s1104,a8333
r2209,s1104,a4929
r2210,s1105,a5097
r2211,s1105,a2187
r2212,s1106,a7497
r2213,s1106,a2176
r2214,s1107,a4098
r2215,s1107,a578
r2216,s1108,a2873
r2217,s1108,a1602
r2218,s1109,a5628
r2219,s1109,a8654
r2220,s1110,a10000
r2221,s1110,a6929
r2222,s1111,a9859
r2223,s1111,a2704
r2224,s1112,a2990
r2225,s1112,a5015
r2226,s1113,a7869
r2227,s1113,a8408
r2228,s1114,a3387
r2229,s1114,a284
r2230,s1115,a7261
r2231,s1115,a9625
r2232,s1116,a1653
r2233,s1116,a607
r2234,s1117,a2895
r2235,s1117,a5800
r2236,s1118,a1891
r2237,s1118,a8400
r2238,s1119,a1321
r2239,s1119,a10543
r2240,s1120,a1699
r2241,s1120,a4016
r2242,s1121,a9450
r2243,s1121,a3360
r2244,s1122,a9417
r2245,s1122,a2469
r2246,s1123,a1184
r2247,s1123,a560
r2248,s1124,a847
r2249,s1124,a9268
r2250,s1125,a7540
r2251,s1125,a5483
r2252,s1126,a7272
r2253,s1126,a8093
r2254,s1127,a90
r2255,s1127,a8629
r2256,s1128,a4259
r2257,s1128,a573
r2258,s1129,a3745
r2259,s1129,a4538
r2260,s1130,a1904
r2261,s1130,a1077
r2262,s1131,a3695
r2263,s1131,a5192
r2264,s1132,a2592
r2265,s1132,a6530
r2266,s1133,a5206
r2267,s1133,a6121
r2268,s1134,a1962
r2269,s1134,a2537
r2270,s1135,a3477
r2271,s1135,a8866
r2272,s1136,a1092
r2273,s1136,a403
r2274,s1137,a6506
r2275,s1137,a5174
r2276,s1138,a3509
r2277,s1138,a3064
r2278,s1139,a6028
r2279,s1139,a6653
r2280,s1140,a9899
r2281,s1140,a5200
r2282,s1141,a6276
r2283,s1141,a3131
r2284,s1142,a9792
r2285,s1142,a4367
r2286,s1143,a1076
r2287,s1143,a5270
r2288,s1144,a6667
r2289,s1144,a3603
r2290,s1145,a9967
r2291,s1145,a10168
r2292,s1146,a7393
r2293,s1146,a7052
r2294,s1147,a10243
r2295,s1147,a8907
r2296,s1148,a5376
r2297,s1148,a6762
r2298,s1149,a6982
r2299,s1149,a9768
r2300,s1150,a10372
r2301,s1150,a1771
r2302,s1151,a7467
r2303,s1151,a3203
r2304,s1152,a10546
r2305,s1152,a6553
r2306,s1153,a7920
r2307,s1153,a9566
r2308,s1154,a5980
r2309,s1154,a10008
r2310,s1155,a4191
r2311,s1155,a2926
r2312,s1156,a2987
r2313,s1156,a5818
r2314,s1157,a6631
r2315,s1157,a7275
r2316,s1158,a2719
r2317,s1158,a5785
r2318,s1159,a2213
r2319,s1159,a7831
r2320,s1160,a9342
r2321,s1160,a1552
r2322,s1161,a9659
r2323,s1161,a9888
r2324,s1162,a4501
r2325,s1162,a3178
r2326,s1163,a365
r2327,s1163,a10604
r2328,s1164,a3998
r2329,s1164,a4897
r2330,s1165,a7285
r2331,s1165,a4110
r2332,s1166,a10012
r2333,s1166,a219
r2334,s1167,a9366
r2335,s1167,a2679
r2336,s1168,a10081
r2337,s1168,a5377
r2338,s1169,a6961
r2339,s1169,a9615
r2340,s1170,a8386
r2341,s1170,a5914
r2342,s1171,a4135
r2343,s1171,a7582
r2344,s1172,a6787
r2345,s1172,a1650
r2346,s1173,a5482
r2347,s1173,a9507
r2348,s1174,a2431
r2349,s1174,a8060
r2350,s1175,a2434
r2351,s1175,a1684
r2352,s1176,a9226
r2353,s1176,a74
r2354,s1177,a5496
r2355,s1177,a7328
r2356,s1178,a3584
r2357,s1178,a8165
r2358,s1179,a2682
r2359,s1179,a4741
r2360,s1180,a5913
r2361,s1180,a8015
r2362,s1181,a982
r2363,s1181,a5569
r2364,s1182,a5125
r2365,s1182,a8918
r2366,s1183,a9574
r2367,s1183,a4021
r2368,s1184,a3697
r2369,s1184,a7637
r2370,s1185,a6090
r2371,s1185,a7636
r2372,s1186,a3228
r2373,s1186,a4128
r2374,s1187,a2374
r2375,s1187,a2862
r2376,s1188,a7594
r2377,s1188,a10416
r2378,s1189,a1039
r2379,s1189,a7166
r2380,s1190,a2045
r2381,s1190,a7425
r2382,s1191,a2060
r2383,s1191,a6577
r2384,s1192,a9670
r2385,s1192,a2885
r2386,s1193,a6608
r2387,s1193,a9052
r2388,s1194,a5035
r2389,s1194,a6247
r2390,s1195,a7341
r2391,s1195,a2458
r2392,s1196,a268
r2393,s1196,a7672
r2394,s1197,a1959
r2395,s1197,a7588
r2396,s1198,a2479
r2397,s1198,a8265
r2398,s1199,a6445
r2399,s1199,a2751
r2400,s1200,a4758
r2401,s1200,a3439
r2402,s1201,a3001
r2403,s1201,a305
r2404,s1202,a6544
r2405,s1202,a6645
r2406,s1203,a10378
r2407,s1203,a4018
r2408,s1204,a7396
r2409,s1204,a2563
r2410,s1205,a9609
r2411,s1205,a4641
r2412,s1206,a8014
r2413,s1206,a9172
r2414,s1207,a771
r2415,s1207,a8864
r2416,s1208,a6684
r2417,s1208,a4353
r2418,s1209,a6245
r2419,s1209,a9119
r2420,s1210,a10435
r2421,s1210,a4081
r2422,s1211,a5123
r2423,s1211,a576
r2424,s1212,a9918
r2425,s1212,a8814
r2426,s1213,a10510
r2427,s1213,a10352
r2428,s1214,a8681
r2429,s1214,a4429
r2430,s1215,a2880
r2431,s1215,a5537
r2432,s1216,a2342
r2433,s1216,a1987
r2434,s1217,a4540
r2435,s1217,a4184
r2436,s1218,a9436
r2437,s1218,a7007
r2438,s1219,a6179
r2439,s1219,a5925
r2440,s1220,a7495
r2441,s1220,a6928
r2442,s1221,a5309
r2443,s1221,a94
r2444,s1222,a4624
r2445,s1222,a10543
r2446,s1223,a10464
r2447,s1223,a9334
r2448,s1224,a8070
r2449,s1224,a9378
r2450,s1225,a9301
r2451,s1225,a1455
r2452,s1226,a2538
r2453,s1226,a7875
r2454,s1227,a6606
r2455,s1227,a9382
r2456,s1228,a10466
r2457,s1228,a7593
r2458,s1229,a6446
r2459,s1229,a1665
r2460,s1230,a6502
r2461,s1230,a10474
r2462,s1231,a6852
r2463,s1231,a5142
r2464,s1232,a2038
r2465,s1232,a461
r2466,s1233,a1363
r2467,s1233,a9485
r2468,s1234,a5695
r2469,s1234,a3769
r2470,s1235,a6133
r2471,s1235,a7879
r2472,s1236,a6864
r2473,s1236,a3873
r2474,s1237,a2015
r2475,s1237,a9284
r2476,s1238,a5394
r2477,s1238,a6316
r2478,s1239,a7831
r2479,s1239,a7037
r2480,s1240,a5282
r2481,s1240,a8298
r2482,s1241,a3051
r2483,s1241,a2036
r2484,s1242,a3184
r2485,s1242,a4823
r2486,s1243,a9618
r2487,s1243,a2217
r2488,s1244,a1127
r2489,s1244,a6872
r2490,s1245,a5739
r2491,s1245,a10259
r2492,s1246,a4366
r2493,s1246,a1397
r2494,s1247,a6038
r2495,s1247,a7510
r2496,s1248,a5563
r2497,s1248,a7422
r2498,s1249,a8812
r2499,s1249,a1463
r2500,s1250,a358
r2501,s1250,a1317
r2502,s1251,a3119
r2503,s1251,a4304
r2504,s1252,a3817
r2505,s1252,a3861
r2506,s1253,a2032
r2507,s1253,a3368
r2508,s1254,a394
r2509,s1254,a2488
r2510,s1255,a7534
r2511,s1255,a6524
r2512,s1256,a473
r2513,s1256,a4601
r2514,s1257,a2958
r2515,s1257,a5473
r2516,s1258,a2369
r2517,s1258,a9301
r2518,s1259,a7992
r2519,s1259,a1329
r2520,s1260,a7861
r2521,s1260,a976
r2522,s1261,a6576
r2523,s1261,a3009
r2524,s1262,a3434
r2525,s1262,a6273
r2526,s1263,a3680
r2527,s1263,a9289
r2528,s1264,a5271
r2529,s1264,a2534
r2530,s1265,a6350
r2531,s1265,a10375
r2532,s1266,a8316
r2533,s1266,a1098
r2534,s1267,a5969
r2535,s1267,a2590
r2536,s1268,a468
r2537,s1268,a4853
r2538,s1269,a10291
r2539,s1269,a4118
r2540,s1270,a187
r2541,s1270,a7935
r2542,s1271,a4360
r2543,s1271,a9707
r2544,s1272,a3733
r2545,s1272,a4205
r2546,s1273,a957
r2547,s1273,a6121
r2548,s1274,a4580
r2549,s1274,a10397
r2550,s1275,a8426
r2551,s1275,a9966
r2552,s1276,a8047
r2553,s1276,a6990
r2554,s1277,a4880
r2555,s1277,a1222
r2556,s1278,a4102
r2557,s1278,a4742
r2558,s1279,a4923
r2559,s1279,a5580
r2560,s1280,a3506
r2561,s1280,a1267
r2562,s1281,a1867
r2563,s1281,a3580
r2564,s1282,a6156
r2565,s1282,a793
r2566,s1283,a6548
r2567,s1283,a5889
r2568,s1284,a2423
r2569,s1284,a1841
r2570,s1285,a4947
r2571,s1285,a3594
r2572,s1286,a7953
r2573,s1286,a6225
r2574,s1287,a7975
r2575,s1287,a1005
r2576,s1288,a1353
r2577,s1288,a5335
r2578,s1289,a2565
r2579,s1289,a10010
r2580,s1290,a10555
r2581,s1290,a1178
r2582,s1291,a8609
r2583,s1291,a5888
r2584,s1292,a7060
r2585,s1292,a7701
r2586,s1293,a1467
r2587,s1293,a9314
r2588,s1294,a6184
r2589,s1294,a8420
r2590,s1295,a10393
r2591,s1295,a5546
r2592,s1296,a787
r2593,s1296,a7967
r2594,s1297,a3582
r2595,s1297,a1174
r2596,s1298,a3287
r2597,s1298,a8167
r2598,s1299,a1532
r2599,s1299,a2615
r2600,s1300,a3326
r2601,s1300,a10119
r2602,s1301,a734
r2603,s1301,a1338
r2604,s1302,a4127
r2605,s1302,a9646
r2606,s1303,a469
r2607,s1303,a3250
r2608,s1304,a7790
r2609,s1304,a5124
r2610,s1305,a3022
r2611,s1305,a9364
r2612,s1306,a7493
r2613,s1306,a5157
r2614,s1307,a7405
r2615,s1307,a9025
r2616,s1308,a2662
r2617,s1308,a4335
r2618,s1309,a7315
r2619,s1309,a6496
r2620,s1310,a827
r2621,s1310,a1717
r2622,s1311,a6929
r2623,s1311,a651
r2624,s1312,a9417
r2625,s1312,a2195
r2626,s1313,a8303
r2627,s1313,a3766
r2628,s1314,a7649
r2629,s1314,a5814
r2630,s1315,a2054
r2631,s1315,a5510
r2632,s1316,a9137
r2633,s1316,a9128
r2634,s1317,a10237
r2635,s1317,a6991
r2636,s1318,a7397
r2637,s1318,a9919
r2638,s1319,a303
r2639,s1319,a8173
r2640,s1320,a3738
r2641,s1320,a3122
r2642,s1321,a6507
r2643,s1321,a9202
r2644,s1322,a98
r2645,s1322,a4041
r2646,s1323,a2481
r2647,s1323,a4997
r2648,s1324,a368
r2649,s1324,a9372
r2650,s1325,a165
r2651,s1325,a9161
r2652,s1326,a3751
r2653,s1326,a5183
r2654,s1327,a9543
r2655,s1327,a5795
r2656,s1328,a234
r2657,s1328,a3694
r2658,s1329,a3946
r2659,s1329,a5823
r2660,s1330,a7097
r2661,s1330,a7580
r2662,s1331,a3590
r2663,s1331,a4814
r2664,s1332,a9295
r2665,s1332,a10117
r2666,s1333,a6556
r2667,s1333,a2437
r2668,s1334,a1488
r2669,s1334,a1941
r2670,s1335,a1872
r2671,s1335,a7755
r2672,s1336,a9385
r2673,s1336,a853
r2674,s1337,a9693
r2675,s1337,a8995
r2676,s1338,a8992
r2677,s1338,a5702
r2678,s1339,a2668
r2679,s1339,a5242
r2680,s1340,a2
r2681,s1340,a8129
r2682,s1341,a8846
r2683,s1341,a3807
r2684,s1342,a7690
r2685,s1342,a13
r2686,s1343,a561
r2687,s1343,a2680
r2688,s1344,a3709
r2689,s1344,a10182
r2690,s1345,a7618
r2691,s1345,a5633
r2692,s1346,a9444
r2693,s1346,a7283
r2694,s1347,a10398
r2695,s1347,a7889
r2696,s1348,a9605
r2697,s1348,a2976
r2698,s1349,a8699
r2699,s1349,a9793
r2700,s1350,a5078
r2701,s1350,a1582
r2702,s1351,a4219
r2703,s1351,a8306
r2704,s1352,a10550
r2705,s1352,a6721
r2706,s1353,a6453
r2707,s1353,a7873
r2708,s1354,a3127
r2709,s1354,a511
r2710,s1355,a7857
r2711,s1355,a7679
r2712,s1356,a5721
r2713,s1356,a1075
r2714,s1357,a8757
r2715,s1357,a1984
r2716,s1358,a515
r2717,s1358,a5378
r2718,s1359,a3674
r2719,s1359,a1952
r2720,s1360,a4036
r2721,s1360,a8173
r2722,s1361,a5593
r2723,s1361,a5856
r2724,s1362,a2834
r2725,s1362,a753
r2726,s1363,a982
r2727,s1363,a1415
r2728,s1364,a5976
r2729,s1364,a3866
r2730,s1365,a5349
r2731,s1365,a1323
r2732,s1366,a6516
r2733,s1366,a4588
r2734,s1367,a4489
r2735,s1367,a8225
r2736,s1368,a9932
r2737,s1368,a10
r2738,s1369,a2947
r2739,s1369,a4304
r2740,s1370,a9459
r2741,s1370,a9524
r2742,s1371,a5677
r2743,s1371,a6022
r2744,s1372,a4045
r2745,s1372,a9772
r2746,s1373,a2645
r2747,s1373,a1517
r2748,s1374,a2851
r2749,s1374,a6104
r2750,s1375,a1873
r2751,s1375,a932
r2752,s1376,a1806
r2753,s1376,a916
r2754,s1377,a3598
r2755,s1377,a10431
r2756,s1378,a10618
r2757,s1378,a695
r2758,s1379,a10426
r2759,s1379,a7489
r2760,s1380,a2342
r2761,s1380,a2825
r2762,s1381,a1018
r2763,s1381,a3407
r2764,s1382,a3327
r2765,s1382,a7961
r2766,s1383,a5821
r2767,s1383,a10124
r2768,s1384,a7067
r2769,s1384,a5099
r2770,s1385,a7449
r2771,s1385,a9417
r2772,s1386,a2974
r2773,s1386,a4985
r2774,s1387,a9814
r2775,s1387,a8250
r2776,s1388,a153
r2777,s1388,a8559
r2778,s1389,a7867
r2779,s1389,a6198
r2780,s1390,a837
r2781,s1390,a9172
r2782,s1391,a1520
r2783,s1391,a8590
r2784,s1392,a1383
r2785,s1392,a9564
r2786,s1393,a8476
r2787,s1393,a947
r2788,s1394,a2966
r2789,s1394,a7537
r2790,s1395,a9241
r2791,s1395,a5875
r2792,s1396,a4021
r2793,s1396,a9662
r2794,s1397,a7236
r2795,s1397,a6897
r2796,s1398,a6289
r2797,s1398,a10267
r2798,s1399,a9235
r2799,s1399,a8861
r2800,s1400,a8631
r2801,s1400,a837
r2802,s1401,a3997
r2803,s1401,a6463
r2804,s1402,a3836
r2805,s1402,a1619
r2806,s1403,a10385
r2807,s1403,a6598
r2808,s1404,a7404
r2809,s1404,a1150
r2810,s1405,a4910
r2811,s1405,a7141
r2812,s1406,a2407
r2813,s1406,a5214
r2814,s1407,a9055
r2815,s1407,a4065
r2816,s1408,a6084
r2817,s1408,a4468
r2818,s1409,a524
r2819,s1409,a4318
r2820,s1410,a3087
r2821,s1410,a8012
r2822,s1411,a6856
r2823,s1411,a7153
r2824,s1412,a8141
r2825,s1412,a1956
r2826,s1413,a9186
r2827,s1413,a578
r2828,s1414,a20
r2829,s1414,a7548
r2830,s1415,a6798
r2831,s1415,a4027
r2832,s1416,a5032
r2833,s1416,a2012
r2834,s1417,a6527
r2835,s1417,a7083
r2836,s1418,a884
r2837,s1418,a4789
r2838,s1419,a9120
r2839,s1419,a8819
r2840,s1420,a5553
r2841,s1420,a180
r2842,s1421,a3829
r2843,s1421,a557
r2844,s1422,a2311
r2845,s1422,a3410
r2846,s1423,a10277
r2847,s1423,a9515
r2848,s1424,a52
r2849,s1424,a7117
r2850,s1425,a7191
r2851,s1425,a7918
r2852,s1426,a678
r2853,s1426,a3432
r2854,s1427,a5514
r2855,s1427,a3172
r2856,s1428,a1569
r2857,s1428,a8333
r2858,s1429,a6068
r2859,s1429,a2459
r2860,s1430,a8917
r2861,s1430,a3148
r2862,s1431,a9963
r2863,s1431,a5248
r2864,s1432,a3594
r2865,s1432,a10160
r2866,s1433,a4592
r2867,s1433,a3801
r2868,s1434,a5936
r2869,s1434,a8889
r2870,s1435,a7382
r2871,s1435,a5779
r2872,s1436,a7656
r2873,s1436,a4413
r2874,s1437,a4573
r2875,s1437,a1702
r2876,s1438,a3352
r2877,s1438,a1157
r2878,s1439,a6806
r2879,s1439,a2640
r2880,s1440,a6993
r2881,s1440,a5778
r2882,s1441,a2137
r2883,s1441,a8922
r2884,s1442,a1099
r2885,s1442,a10041
r2886,s1443,a10064
r2887,s1443,a9531
r2888,s1444,a5809
r2889,s1444,a6462
r2890,s1445,a5012
r2891,s1445,a4843
r2892,s1446,a863
r2893,s1446,a10298
r2894,s1447,a8788
r2895,s1447,a9662
r2896,s1448,a8754
r2897,s1448,a4022
r2898,s1449,a4113
r2899,s1449,a1665
r2900,s1450,a8134
r2901,s1450,a5634
r2902,s1451,a2845
r2903,s1451,a1954
r2904,s1452,a5754
r2905,s1452,a2956
r2906,s1453,a2639
r2907,s1453,a9485
r2908,s1454,a3923
r2909,s1454,a323
r2910,s1455,a9186
r2911,s1455,a8841
r2912,s1456,a1926
r2913,s1456,a6305
r2914,s1457,a5340
r2915,s1457,a415
r2916,s1458,a6540
r2917,s1458,a7529
r2918,s1459,a4495
r2919,s1459,a10511
r2920,s1460,a4376
r2921,s1460,a7573
r2922,s1461,a8340
r2923,s1461,a3527
r2924,s1462,a1805
r2925,s1462,a5265
r2926,s1463,a10494
r2927,s1463,a5156
r2928,s1464,a8357
r2929,s1464,a6697
r2930,s1465,a1446
r2931,s1465,a1287
r2932,s1466,a9983
r2933,s1466,a9056
r2934,s1467,a8278
r2935,s1467,a8915
r2936,s1468,a2098
r2937,s1468,a5242
r2938,s1469,a9154
r2939,s1469,a3393
r2940,s1470,a978
r2941,s1470,a2503
r2942,s1471,a726
r2943,s1471,a5761
r2944,s1472,a814
r2945,s1472,a8104
r2946,s1473,a7430
r2947,s1473,a10154
r2948,s1474,a2629
r2949,s1474,a7147
r2950,s1475,a3231
r2951,s1475,a3229
r2952,s1476,a3073
r2953,s1476,a3322
r2954,s1477,a7103
r2955,s1477,a4614
r2956,s1478,a8409
r2957,s1478,a2356
r2958,s1479,a7937
r2959,s1479,a4083
r2960,s1480,a8355
r2961,s1480,a4566
r2962,s1481,a4815
r2963,s1481,a5252
r2964,s1482,a7152
r2965,s1482,a6049
r2966,s1483,a10316
r2967,s1483,a10136
r2968,s1484,a7512
r2969,s1484,a1193
r2970,s1485,a3001
r2971,s1485,a9445
r2972,s1486,a6866
r2973,s1486,a7920
r2974,s1487,a5105
r2975,s1487,a5336
r2976,s1488,a5321
r2977,s1488,a133
r2978,s1489,a10401
r2979,s1489,a10212
r2980,s1490,a4668
r2981,s1490,a3783
r2982,s1491,a8362
r2983,s1491,a8546
r2984,s1492,a7695
r2985,s1492,a5620
r2986,s1493,a8470
r2987,s1493,a8475
r2988,s1494,a4742
r2989,s1494,a1438
r2990,s1495,a10579
r2991,s1495,a1023
r2992,s1496,a5458
r2993,s1496,a7714
r2994,s1497,a1152
r2995,s1497,a9621
r2996,s1498,a609
r2997,s1498,a2500
r2998,s1499,a2120
r2999,s1499,a2585
r3000,s1500,a10072
r3001,s1500,a2204
r3002,s1501,a4782
r3003,s1501,a6770
r3004,s1502,a1896
r3005,s1502,a2674
r3006,s1503,a6698
r3007,s1503,a908
r3008,s1504,a3713
r3009,s1504,a10487
r3010,s1505,a6751
r3011,s1505,a1180
r3012,s1506,a10455
r3013,s1506,a8378
r3014,s1507,a3753
r3015,s1507,a7862
r3016,s1508,a6179
r3017,s1508,a3114
r3018,s1509,a1744
r3019,s1509,a6457
r3020,s1510,a799
r3021,s1510,a5638
r3022,s1511,a8002
r3023,s1511,a10273
r3024,s1512,a245
r3025,s1512,a10175
r3026,s1513,a5864
r3027,s1513,a2828
r3028,s1514,a5665
r3029,s1514,a4802
r3030,s1515,a5420
r3031,s1515,a3568
r3032,s1516,a5506
r3033,s1516,a9172
r3034,s1517,a7721
r3035,s1517,a4944
r3036,s1518,a4770
r3037,s1518,a6497
r3038,s1519,a2251
r3039,s1519,a1983
r3040,s1520,a137
r3041,s1520,a2077
r3042,s1521,a7707
r3043,s1521,a673
r3044,s1522,a5312
r3045,s1522,a5178
r3046,s1523,a8617
r3047,s1523,a4630
r3048,s1524,a3727
r3049,s1524,a4094
r3050,s1525,a8087
r3051,s1525,a2694
r3052,s1526,a2155
r3053,s1526,a4363
r3054,s1527,a3789
r3055,s1527,a2396
r3056,s1528,a7208
r3057,s1528,a6947
r3058,s1529,a4410
r3059,s1529,a1654
r3060,s1530,a1766
r3061,s1530,a180
r3062,s1531,a10531
r3063,s1531,a6944
r3064,s1532,a2100
r3065,s1532,a1927
r3066,s1533,a2432
r3067,s1533,a3934
r3068,s1534,a7652
r3069,s1534,a8267
r3070,s1535,a6610
r3071,s1535,a9737
r3072,s1536,a1696
r3073,s1536,a8470
r3074,s1537,a8126
r3075,s1537,a7839
r3076,s1538,a3661
r3077,s1538,a9374
r3078,s1539,a1502
r3079,s1539,a7651
r3080,s1540,a6222
r3081,s1540,a9701
r3082,s1541,a5946
r3083,s1541,a2103
r3084,s1542,a9467
r3085,s1542,a2692
r3086,s1543,a2717
r3087,s1543,a5391
r3088,s1544,a6982
r3089,s1544,a7965
r3090,s1545,a7292
r3091,s1545,a7658
r3092,s1546,a988
r3093,s1546,a2664
r3094,s1547,a784
r3095,s1547,a6873
r3096,s1548,a3901
r3097,s1548,a9593
r3098,s1549,a5692
r3099,s1549,a4876
r3100,s1550,a1373
r3101,s1550,a4050
r3102,s1551,a8239
r3103,s1551,a1939
r3104,s1552,a8880
r3105,s1552,a4686
r3106,s1553,a4097
r3107,s1553,a6750
r3108,s1554,a9266
r3109,s1554,a6677
r3110,s1555,a750
r3111,s1555,a9524
r3112,s1556,a925
r3113,s1556,a595
r3114,s1557,a8582
r3115,s1557,a1830
r3116,s1558,a4358
r3117,s1558,a109
r3118,s1559,a5557
r3119,s1559,a7911
r3120,s1560,a1859
r3121,s1560,a8102
r3122,s1561,a1902
r3123,s1561,a6229
r3124,s1562,a8260
r3125,s1562,a5369
r3126,s1563,a9703
r3127,s1563,a9941
r3128,s1564,a848
r3129,s1564,a3959
r3130,s1565,a7103
r3131,s1565,a8556
r3132,s1566,a5152
r3133,s1566,a7783
r3134,s1567,a10294
r3135,s1567,a4156
r3136,s1568,a3994
r3137,s1568,a401
r3138,s1569,a4051
r3139,s1569,a4454
r3140,s1570,a3683
r3141,s1570,a7003
r3142,s1571,a2524
r3143,s1571,a2996
r3144,s1572,a8360
r3145,s1572,a6670
r3146,s1573,a9611
r3147,s1573,a5831
r3148,s1574,a9344
r3149,s1574,a3429
r3150,s1575,a7540
r3151,s1575,a8053
r3152,s1576,a8173
r3153,s1576,a2699
r3154,s1577,a5185
r3155,s1577,a10584
r3156,s1578,a8984
r3157,s1578,a1107
r3158,s1579,a7779
r3159,s1579,a1417
r3160,s1580,a2313
r3161,s1580,a2181
r3162,s1581,a4690
r3163,s1581,a5058
r3164,s1582,a8454
r3165,s1582,a6533
r3166,s1583,a9741
r3167,s1583,a8232
r3168,s1584,a4794
r3169,s1584,a9093
r3170,s1585,a365
r3171,s1585,a4543
r3172,s1586,a3368
r3173,s1586,a5843
r3174,s1587,a10380
r3175,s1587,a286
r3176,s1588,a7238
r3177,s1588,a8507
r3178,s1589,a859
r3179,s1589,a4824
r3180,s1590,a4496
r3181,s1590,a3411
r3182,s1591,a8434
r3183,s1591,a3541
r3184,s1592,a6534
r3185,s1592,a5194
r3186,s1593,a4802
r3187,s1593,a7069
r3188,s1594,a1583
r3189,s1594,a5853
r3190,s1595,a10683
r3191,s1595,a1400
r3192,s1596,a1343
r3193,s1596,a4481
r3194,s1597,a6127
r3195,s1597,a8849
r3196,s1598,a9794
r3197,s1598,a3332
r3198,s1599,a4820
r3199,s1599,a8242
r3200,s1600,a8550
r3201,s1600,a10525
r3202,s1601,a7642
r3203,s1601,a7799
r3204,s1602,a9972
r3205,s1602,a2298
r3206,s1603,a7658
r3207,s1603,a10431
r3208,s1604,a3734
r3209,s1604,a545
r3210,s1605,a8756
r3211,s1605,a1887
r3212,s1606,a3705
r3213,s1606,a2991
r3214,s1607,a6600
r3215,s1607,a9576
r3216,s1608,a10633
r3217,s1608,a9782
r3218,s1609,a5393
r3219,s1609,a10440
r3220,s1610,a3754
r3221,s1610,a5782
r3222,s1611,a9568
r3223,s1611,a8754
r3224,s1612,a1573
r3225,s1612,a10464
r3226,s1613,a9161
r3227,s1613,a5355
r3228,s1614,a3636
r3229,s1614,a10669
r3230,s1615,a2498
r3231,s1615,a6893
r3232,s1616,a1531
r3233,s1616,a5868
r3234,s1617,a7793
r3235,s1617,a7440
r3236,s1618,a6517
r3237,s1618,a6713
r3238,s1619,a4257
r3239,s1619,a10548
r3240,s1620,a6206
r3241,s1620,a5842
r3242,s1621,a6805
r3243,s1621,a9272
r3244,s1622,a2523
r3245,s1622,a10035
r3246,s1623,a3026
r3247,s1623,a7635
r3248,s1624,a7624
r3249,s1624,a2497
r3250,s1625,a391
r3251,s1625,a1359
r3252,s1626,a7727
r3253,s1626,a9845
r3254,s1627,a3974
r3255,s1627,a7083
r3256,s1628,a6204
r3257,s1628,a3328
r3258,s1629,a3917
r3259,s1629,a1543
r3260,s1630,a2902
r3261,s1630,a10172
r3262,s1631,a1911
r3263,s1631,a4467
r3264,s1632,a10529
r3265,s1632,a7856
r3266,s1633,a879
r3267,s1633,a4722
r3268,s1634,a9235
r3269,s1634,a4291
r3270,s1635,a996
r3271,s1635,a8474
r3272,s1636,a6160
r3273,s1636,a1906
r3274,s1637,a8648
r3275,s1637,a4321
r3276,s1638,a3100
r3277,s1638,a2399
r3278,s1639,a7850
r3279,s1639,a5779
r3280,s1640,a5248
r3281,s1640,a6373
r3282,s1641,a2883
r3283,s1641,a4885
r3284,s1642,a10043
r3285,s1642,a1491
r3286,s1643,a5614
r3287,s1643,a85
r3288,s1644,a164
r3289,s1644,a4506
r3290,s1645,a8397
r3291,s1645,a315
r3292,s1646,a4630
r3293,s1646,a5984
r3294,s1647,a7569
r3295,s1647,a8109
r3296,s1648,a6754
r3297,s1648,a10124
r3298,s1649,a6286
r3299,s1649,a8714
r3300,s1650,a1662
r3301,s1650,a4663
r3302,s1651,a6458
r3303,s1651,a2812
r3304,s1652,a1705
r3305,s1652,a8292
r3306,s1653,a5478
r3307,s1653,a10021
r3308,s1654,a5911
r3309,s1654,a9160
r3310,s1655,a428
r3311,s1655,a10352
r3312,s1656,a4947
r3313,s1656,a3952
r3314,s1657,a8196
r3315,s1657,a7631
r3316,s1658,a1907
r3317,s1658,a6072
r3318,s1659,a7916
r3319,s1659,a161
r3320,s1660,a9688
r3321,s1660,a2460
r3322,s1661,a8256
r3323,s1661,a1324
r3324,s1662,a9050
r3325,s1662,a1962
r3326,s1663,a727
r3327,s1663,a6872
r3328,s1664,a8925
r3329,s1664,a1799
r3330,s1665,a3941
r3331,s1665,a6757
r3332,s1666,a1598
r3333,s1666,a10119
r3334,s1667,a3050
r3335,s1667,a3485
r3336,s1668,a7733
r3337,s1668,a10498
r3338,s1669,a7981
r3339,s1669,a7944
r3340,s1670,a3926
r3341,s1670,a2406
r3342,s1671,a5702
r3343,s1671,a9325
r3344,s1672,a10298
r3345,s1672,a3754
r3346,s1673,a4544
r3347,s1673,a2713
r3348,s1674,a6933
r3349,s1674,a6978
r3350,s1675,a1127
r3351,s1675,a1536
r3352,s1676,a3711
r3353,s1676,a5676
r3354,s1677,a2016
r3355,s1677,a5911
r3356,s1678,a6494
r3357,s1678,a6532
r3358,s1679,a1843
r3359,s1679,a378
r3360,s1680,a5586
r3361,s1680,a1643
r3362,s1681,a7305
r3363,s1681,a7854
r3364,s1682,a8549
r3365,s1682,a3275
r3366,s1683,a9385
r3367,s1683,a5500
r3368,s1684,a1996
r3369,s1684,a3816
r3370,s1685,a887
r3371,s1685,a6816
r3372,s1686,a964
r3373,s1686,a6023
r3374,s1687,a1680
r3375,s1687,a6254
r3376,s1688,a2560
r3377,s1688,a6300
r3378,s1689,a6586
r3379,s1689,a5109
r3380,s1690,a3496
r3381,s1690,a10677
r3382,s1691,a5941
r3383,s1691,a9043
r3384,s1692,a9529
r3385,s1692,a7769
r3386,s1693,a1079
r3387,s1693,a6228
r3388,s1694,a186
r3389,s1694,a6242
r3390,s1695,a620
r3391,s1695,a6656
r3392,s1696,a2538
r3393,s1696,a1113
r3394,s1697,a8316
r3395,s1697,a3619
r3396,s1698,a2219
r3397,s1698,a5621
r3398,s1699,a5631
r3399,s1699,a3148
r3400,s1700,a8591
r3401,s1700,a2120
r3402,s1701,a6808
r3403,s1701,a3498
r3404,s1702,a5581
r3405,s1702,a4526
r3406,s1703,a4278
r3407,s1703,a2506
r3408,s1704,a1496
r3409,s1704,a4234
r3410,s1705,a4574
r3411,s1705,a4415
r3412,s1706,a7012
r3413,s1706,a3039
r3414,s1707,a3855
r3415,s1707,a7798
r3416,s1708,a7920
r3417,s1708,a5721
r3418,s1709,a3889
r3419,s1709,a8969
r3420,s1710,a9446
r3421,s1710,a8548
r3422,s1711,a2257
r3423,s1711,a9682
r3424,s1712,a3486
r3425,s1712,a10276
r3426,s1713,a8544
r3427,s1713,a6285
r3428,s1714,a4229
r3429,s1714,a1925
r3430,s1715,a6482
r3431,s1715,a10377
r3432,s1716,a6508
r3433,s1716,a2290
r3434,s1717,a5528
r3435,s1717,a1780
r3436,s1718,a2514
r3437,s1718,a7104
r3438,s1719,a9363
r3439,s1719,a8232
r3440,s1720,a8570
r3441,s1720,a9992
r3442,s1721,a7022
r3443,s1721,a383
r3444,s1722,a4969
r3445,s1722,a10136
r3446,s1723,a3189
r3447,s1723,a9768
r3448,s1724,a5745
r3449,s1724,a8887
r3450,s1725,a6162
r3451,s1725,a2179
r3452,s1726,a9356
r3453,s1726,a10063
r3454,s1727,a5366
r3455,s1727,a7609
r3456,s1728,a8393
r3457,s1728,a2717
r3458,s1729,a2366
r3459,s1729,a7957
r3460,s1730,a705
r3461,s1730,a10514
r3462,s1731,a2481
r3463,s1731,a1233
r3464,s1732,a1894
r3465,s1732,a1306
r3466,s1733,a2186
r3467,s1733,a5476
r3468,s1734,a6652
r3469,s1734,a661
r3470,s1735,a480
r3471,s1735,a6451
r3472,s1736,a2697
r3473,s1736,a8751
r3474,s1737,a9100
r3475,s1737,a8877
r3476,s1738,a10084
r3477,s1738,a4350
r3478,s1739,a10004
r3479,s1739,a2622
r3480,s1740,a1297
r3481,s1740,a2626
r3482,s1741,a5398
r3483,s1741,a2161
r3484,s1742,a9412
r3485,s1742,a6870
r3486,s1743,a2009
r3487,s1743,a4483
r3488,s1744,a276
r3489,s1744,a1630
r3490,s1745,a5453
r3491,s1745,a1310
r3492,s1746,a1605
r3493,s1746,a9257
r3494,s1747,a10128
r3495,s1747,a3244
r3496,s1748,a5498
r3497,s1748,a9725
r3498,s1749,a2125
r3499,s1749,a9954
r3500,s1750,a2863
r3501,s1750,a2267
r3502,s1751,a2548
r3503,s1751,a2498
r3504,s1752,a76
r3505,s1752,a6066
r3506,s1753,a6546
r3507,s1753,a2858
r3508,s1754,a2221
r3509,s1754,a1932
r3510,s1755,a4893
r3511,s1755,a9710
r3512,s1756,a6278
r3513,s1756,a1462
r3514,s1757,a1845
r3515,s1757,a6234
r3516,s1758,a2548
r3517,s1758,a9043
r3518,s1759,a3064
r3519,s1759,a1331
r3520,s1760,a2848
r3521,s1760,a6809
r3522,s1761,a165
r3523,s1761,a310
r3524,s1762,a1167
r3525,s1762,a613
r3526,s1763,a9994
r3527,s1763,a5341
r3528,s1764,a2173
r3529,s1764,a5394
r3530,s1765,a7258
r3531,s1765,a3140
r3532,s1766,a5340
r3533,s1766,a8937
r3534,s1767,a9620
r3535,s1767,a813
r3536,s1768,a4194
r3537,s1768,a6266
r3538,s1769,a325
r3539,s1769,a8668
r3540,s1770,a9997
r3541,s1770,a6993
r3542,s1771,a5392
r3543,s1771,a8565
r3544,s1772,a4144
r3545,s1772,a6707
r3546,s1773,a5424
r3547,s1773,a3916
r3548,s1774,a692
r3549,s1774,a10449
r3550,s1775,a9714
r3551,s1775,a6715
r3552,s1776,a3188
r3553,s1776,a6368
r3554,s1777,a6466
r3555,s1777,a1779
r3556,s1778,a2776
r3557,s1778,a6393
r3558,s1779,a781
r3559,s1779,a3411
r3560,s1780,a4532
r3561,s1780,a3827
r3562,s1781,a1296
r3563,s1781,a2220
r3564,s1782,a9443
r3565,s1782,a818
r3566,s1783,a6400
r3567,s1783,a7105
r3568,s1784,a6417
r3569,s1784,a10515
r3570,s1785,a4407
r3571,s1785,a6224
r3572,s1786,a7278
r3573,s1786,a4602
r3574,s1787,a3819
r3575,s1787,a4121
r3576,s1788,a2025
r3577,s1788,a3145
r3578,s1789,a6251
r3579,s1789,a4842
r3580,s1790,a7207
r3581,s1790,a3775
r3582,s1791,a855
r3583,s1791,a3555
r3584,s1792,a2335
r3585,s1792,a5809
r3586,s1793,a3680
r3587,s1793,a8340
r3588,s1794,a4201
r3589,s1794,a7768
r3590,s1795,a8064
r3591,s1795,a447
r3592,s1796,a8702
r3593,s1796,a6129
r3594,s1797,a7103
r3595,s1797,a7479
r3596,s1798,a1650
r3597,s1798,a2983
r3598,s1799,a10541
r3599,s1799,a1305
r3600,s1800,a3617
r3601,s1800,a1474
r3602,s1801,a3780
r3603,s1801,a4082
r3604,s1802,a6161
r3605,s1802,a3264
r3606,s1803,a1736
r3607,s1803,a7962
r3608,s1804,a3181
r3609,s1804,a5447
r3610,s1805,a2437
r3611,s1805,a8616
r3612,s1806,a8385
r3613,s1806,a406
r3614,s1807,a2818
r3615,s1807,a532
r3616,s1808,a8910
r3617,s1808,a1320
r3618,s1809,a7247
r3619,s1809,a1261
r3620,s1810,a827
r3621,s1810,a1712
r3622,s1811,a7296
r3623,s1811,a6071
r3624,s1812,a2020
r3625,s1812,a3343
r3626,s1813,a9388
r3627,s1813,a10296
r3628,s1814,a4660
r3629,s1814,a9043
r3630,s1815,a7295
r3631,s1815,a6274
r3632,s1816,a1653
r3633,s1816,a9137
r3634,s1817,a9623
r3635,s1817,a9433
r3636,s1818,a784
r3637,s1818,a7879
r3638,s1819,a10131
r3639,s1819,a6928
r3640,s1820,a7651
r3641,s1820,a9205
r3642,s1821,a6061
r3643,s1821,a8676
r3644,s1822,a10039
r3645,s1822,a1841
r3646,s1823,a1892
r3647,s1823,a109
r3648,s1824,a5991
r3649,s1824,a5705
r3650,s1825,a4938
r3651,s1825,a2742
r3652,s1826,a3867
r3653,s1826,a65
r3654,s1827,a725
r3655,s1827,a1445
r3656,s1828,a6199
r3657,s1828,a201
r3658,s1829,a7554
r3659,s1829,a6781
r3660,s1830,a4524
r3661,s1830,a8909
r3662,s1831,a7494
r3663,s1831,a6238
r3664,s1832,a8660
r3665,s1832,a4845
r3666,s1833,a7207
r3667,s1833,a4142
r3668,s1834,a317
r3669,s1834,a7941
r3670,s1835,a1132
r3671,s1835,a3319
r3672,s1836,a680
r3673,s1836,a2923
r3674,s1837,a3281
r3675,s1837,a1210
r3676,s1838,a370
r3677,s1838,a4758
r3678,s1839,a7600
r3679,s1839,a8814
r3680,s1840,a3504
r3681,s1840,a188
r3682,s1841,a3320
r3683,s1841,a7518
r3684,s1842,a1054
r3685,s1842,a3805
r3686,s1843,a5242
r3687,s1843,a4785
r3688,s1844,a3040
r3689,s1844,a998
r3690,s1845,a5815
r3691,s1845,a3667
r3692,s1846,a6286
r3693,s1846,a4760
r3694,s1847,a4893
r3695,s1847,a9576
r3696,s1848,a6961
r3697,s1848,a7128
r3698,s1849,a7755
r3699,s1849,a7988
r3700,s1850,a9359
r3701,s1850,a6775
r3702,s1851,a177
r3703,s1851,a5721
r3704,s1852,a4932
r3705,s1852,a7190
r3706,s1853,a10265
r3707,s1853,a8827
r3708,s1854,a4355
r3709,s1854,a5879
r3710,s1855,a1889
r3711,s1855,a7726
r3712,s1856,a612
r3713,s1856,a2184
r3714,s1857,a2636
r3715,s1857,a1704
r3716,s1858,a8539
r3717,s1858,a8006
r3718,s1859,a3477
r3719,s1859,a7837
r3720,s1860,a5902
r3721,s1860,a8762
r3722,s1861,a8188
r3723,s1861,a2618
r3724,s1862,a9479
r3725,s1862,a7293
r3726,s1863,a996
r3727,s1863,a5076
r3728,s1864,a2309
r3729,s1864,a492
r3730,s1865,a5283
r3731,s1865,a4305
r3732,s1866,a10370
r3733,s1866,a6838
r3734,s1867,a4550
r3735,s1867,a9794
r3736,s1868,a8167
r3737,s1868,a2812
r3738,s1869,a8216
r3739,s1869,a6965
r3740,s1870,a5110
r3741,s1870,a3100
r3742,s1871,a580
r3743,s1871,a7863
r3744,s1872,a7399
r3745,s1872,a7915
r3746,s1873,a1385
r3747,s1873,a8370
r3748,s1874,a8528
r3749,s1874,a7550
r3750,s1875,a587
r3751,s1875,a214
r3752,s1876,a10625
r3753,s1876,a9369
r3754,s1877,a10027
r3755,s1877,a1714
r3756,s1878,a1838
r3757,s1878,a2553
r3758,s1879,a4294
r3759,s1879,a8903
r3760,s1880,a5249
r3761,s1880,a7193
r3762,s1881,a10403
r3763,s1881,a1761
r3764,s1882,a3530
r3765,s1882,a896
r3766,s1883,a981
r3767,s1883,a4487
r3768,s1884,a377
r3769,s1884,a4160
r3770,s1885,a4479
r3771,s1885,a3409
r3772,s1886,a8842
r3773,s1886,a10621
r3774,s1887,a2373
r3775,s1887,a10109
r3776,s1888,a4742
r3777,s1888,a9545
r3778,s1889,a5137
r3779,s1889,a5251
r3780,s1890,a9997
r3781,s1890,a10046
r3782,s1891,a1483
r3783,s1891,a2603
r3784,s1892,a4057
r3785,s1892,a1841
r3786,s1893,a10669
r3787,s1893,a2238
r3788,s1894,a6624
r3789,s1894,a9481
r3790,s1895,a6547
r3791,s1895,a4789
r3792,s1896,a9714
r3793,s1896,a4836
r3794,s1897,a9051
r3795,s1897,a3962
r3796,s1898,a7404
r3797,s1898,a9434
r3798,s1899,a4687
r3799,s1899,a1434
r3800,s1900,a9038
r3801,s1900,a9442
r3802,s1901,a6313
r3803,s1901,a9111
r3804,s1902,a3777
r3805,s1902,a3706
r3806,s1903,a2225
r3807,s1903,a3162
r3808,s1904,a3258
r3809,s1904,a2058
r3810,s1905,a6971
r3811,s1905,a7455
r3812,s1906,a5434
r3813,s1906,a7889
r3814,s1907,a2072
r3815,s1907,a7884
r3816,s1908,a2431
r3817,s1908,a9153
r3818,s1909,a10111
r3819,s1909,a1462
r3820,s1910,a3005
r3821,s1910,a9621
r3822,s1911,a10192
r3823,s1911,a5792
r3824,s1912,a5420
r3825,s1912,a3079
r3826,s1913,a246
r3827,s1913,a736
r3828,s1914,a1551
r3829,s1914,a4878
r3830,s1915,a8534
r3831,s1915,a3350
r3832,s1916,a2394
r3833,s1916,a3893
r3834,s1917,a2159
r3835,s1917,a4607
r3836,s1918,a10580
r3837,s1918,a6719
r3838,s1919,a3328
r3839,s1919,a6718
r3840,s1920,a5127
r3841,s1920,a9980
r3842,s1921,a1805
r3843,s1921,a2400
r3844,s1922,a7456
r3845,s1922,a2125
r3846,s1923,a3614
r3847,s1923,a1757
r3848,s1924,a10023
r3849,s1924,a1998
r3850,s1925,a5910
r3851,s1925,a2449
r3852,s1926,a8899
r3853,s1926,a7469
r3854,s1927,a3833
r3855,s1927,a4914
r3856,s1928,a9973
r3857,s1928,a245
r3858,s1929,a243
r3859,s1929,a7580
r3860,s1930,a2184
r3861,s1930,a9191
r3862,s1931,a2785
r3863,s1931,a5526
r3864,s1932,a5704
r3865,s1932,a2780
r3866,s1933,a5821
r3867,s1933,a8395
r3868,s1934,a417
r3869,s1934,a3241
r3870,s1935,a6567
r3871,s1935,a880
r3872,s1936,a1179
r3873,s1936,a2288
r3874,s1937,a4081
r3875,s1937,a730
r3876,s1938,a9428
r3877,s1938,a6724
r3878,s1939,a1577
r3879,s1939,a2774
r3880,s1940,a7521
r3881,s1940,a9985
r3882,s1941,a10505
r3883,s1941,a6792
r3884,s1942,a5404
r3885,s1942,a730
r3886,s1943,a1033
r3887,s1943,a2288
r3888,s1944,a840
r3889,s1944,a2013
r3890,s1945,a8766
r3891,s1945,a701
r3892,s1946,a877
r3893,s1946,a9744
r3894,s1947,a3765
r3895,s1947,a4537
r3896,s1948,a8053
r3897,s1948,a6594
r3898,s1949,a6138
r3899,s1949,a3303
r3900,s1950,a3519
r3901,s1950,a6384
r3902,s1951,a1152
r3903,s1951,a6326
r3904,s1952,a1032
r3905,s1952,a10152
r3906,s1953,a9619
r3907,s1953,a8353
r3908,s1954,a8367
r3909,s1954,a763
r3910,s1955,a1949
r3911,s1955,a355
r3912,s1956,a8168
r3913,s1956,a9128
r3914,s1957,a1147
r3915,s1957,a8798
r3916,s1958,a3479
r3917,s1958,a692
r3918,s1959,a31
r3919,s1959,a4804
r3920,s1960,a6876
r3921,s1960,a705
r3922,s1961,a5797
r3923,s1961,a3795
r3924,s1962,a1166
r3925,s1962,a6558
r3926,s1963,a7777
r3927,s1963,a277
r3928,s1964,a196
r3929,s1964,a10344
r3930,s1965,a8195
r3931,s1965,a9389
r3932,s1966,a4978
r3933,s1966,a8684
r3934,s1967,a170
r3935,s1967,a4350
r3936,s1968,a6671
r3937,s1968,a8064
r3938,s1969,a7786
r3939,s1969,a4164
r3940,s1970,a4500
r3941,s1970,a4920
r3942,s1971,a8775
r3943,s1971,a8520
r3944,s1972,a7579
r3945,s1972,a6463
r3946,s1973,a10581
r3947,s1973,a5882
r3948,s1974,a6897
r3949,s1974,a8996
r3950,s1975,a6036
r3951,s1975,a3049
r3952,s1976,a10048
r3953,s1976,a614
r3954,s1977,a2475
r3955,s1977,a8547
r3956,s1978,a4155
r3957,s1978,a786
r3958,s1979,a8583
r3959,s1979,a4375
r3960,s1980,a8050
r3961,s1980,a6379
r3962,s1981,a4312
r3963,s1981,a8779
r3964,s1982,a1844
r3965,s1982,a3213
r3966,s1983,a1751
r3967,s1983,a8338
r3968,s1984,a10375
r3969,s1984,a410
r3970,s1985,a2355
r3971,s1985,a4156
r3972,s1986,a7935
r3973,s1986,a8792
r3974,s1987,a1473
r3975,s1987,a3370
r3976,s1988,a6753
r3977,s1988,a6747
r3978,s1989,a2189
r3979,s1989,a115
r3980,s1990,a7109
r3981,s1990,a368
r3982,s1991,a9037
r3983,s1991,a6950
r3984,s1992,a5
r3985,s1992,a501
r3986,s1993,a1361
r3987,s1993,a6669
r3988,s1994,a460
r3989,s1994,a8491
r3990,s1995,a9131
r3991,s1995,a4832
r3992,s1996,a6738
r3993,s1996,a10052
r3994,s1997,a5411
r3995,s1997,a9653
r3996,s1998,a78
r3997,s1998,a2224
r3998,s1999,a5398
r3999,s1999,a9261
r4000,s2000,a4150
r4001,s2000,a4125
r4002,s2001,a5314
r4003,s2001,a7725
r4004,s2002,a993
r4005,s2002,a4293
r4006,s2003,a10668
r4007,s2003,a8983
r4008,s2004,a8076
r4009,s2004,a3356
r4010,s2005,a7327
r4011,s2005,a8533
r4012,s2006,a7398
r4013,s2006,a8850
r4014,s2007,a79
r4015,s2007,a8152
r4016,s2008,a665
r4017,s2008,a3657
r4018,s2009,a1503
r4019,s2009,a10531
r4020,s2010,a10331
r4021,s2010,a7455
r4022,s2011,a10261
r4023,s2011,a10464
r4024,s2012,a5175
r4025,s2012,a2961
r4026,s2013,a1817
r4027,s2013,a3259
r4028,s2014,a7877
r4029,s2014,a5393
r4030,s2015,a2486
r4031,s2015,a1503
r4032,s2016,a6980
r4033,s2016,a6038
r4034,s2017,a7901
r4035,s2017,a8571
r4036,s2018,a690
r4037,s2018,a8033
r4038,s2019,a8987
r4039,s2019,a10018
r4040,s2020,a8867
r4041,s2020,a2759
r4042,s2021,a9668
r4043,s2021,a852
r4044,s2022,a10043
r4045,s2022,a7685
r4046,s2023,a6063
r4047,s2023,a2709
r4048,s2024,a7236
r4049,s2024,a8513
r4050,s2025,a4911
r4051,s2025,a8373
r4052,s2026,a9617
r4053,s2026,a1852
r4054,s2027,a39
r4055,s2027,a5194
r4056,s2028,a5282
r4057,s2028,a6203
r4058,s2029,a7254
r4059,s2029,a3757
r4060,s2030,a1697
r4061,s2030,a6632
r4062,s2031,a4609
r4063,s2031,a7386
r4064,s2032,a10463
r4065,s2032,a5043
r4066,s2033,a3416
r4067,s2033,a369
r4068,s2034,a3108
r4069,s2034,a2867
r4070,s2035,a20
r4071,s2035,a4553
r4072,s2036,a7436
r4073,s2036,a7070
r4074,s2037,a6592
r4075,s2037,a3748
r4076,s2038,a2432
r4077,s2038,a946
r4078,s2039,a3762
r4079,s2039,a6919
r4080,s2040,a9756
r4081,s2040,a9612
r4082,s2041,a6230
r4083,s2041,a7563
r4084,s2042,a7133
r4085,s2042,a2146
r4086,s2043,a5392
r4087,s2043,a3683
r4088,s2044,a7081
r4089,s2044,a2489
r4090,s2045,a4499
r4091,s2045,a10007
r4092,s2046,a9132
r4093,s2046,a101
r4094,s2047,a9456
r4095,s2047,a4120
r4096,s2048,a9200
r4097,s2048,a6536
r4098,s2049,a1928
r4099,s2049,a5991
r4100,s2050,a2457
r4101,s2050,a762
r4102,s2051,a4611
r4103,s2051,a6992
r4104,s2052,a65
r4105,s2052,a6581
r4106,s2053,a7264
r4107,s2053,a9344
r4108,s2054,a2877
r4109,s2054,a3541
r4110,s2055,a5718
r4111,s2055,a3483
r4112,s2056,a7000
r4113,s2056,a3849
r4114,s2057,a7885
r4115,s2057,a10570
r4116,s2058,a6297
r4117,s2058,a422
r4118,s2059,a8914
r4119,s2059,a122
r4120,s2060,a1820
r4121,s2060,a2622
r4122,s2061,a5132
r4123,s2061,a4877
r4124,s2062,a7000
r4125,s2062,a2372
r4126,s2063,a5616
r4127,s2063,a5773
r4128,s2064,a5350
r4129,s2064,a3618
r4130,s2065,a3260
r4131,s2065,a6474
r4132,s2066,a3590
r4133,s2066,a1638
r4134,s2067,a2884
r4135,s2067,a3577
r4136,s2068,a7601
r4137,s2068,a7012
r4138,s2069,a4665
r4139,s2069,a9284
r4140,s2070,a6618
r4141,s2070,a4321
r4142,s2071,a7520
r4143,s2071,a3319
r4144,s2072,a7326
r4145,s2072,a3770
r4146,s2073,a9525
r4147,s2073,a3925
r4148,s2074,a8167
r4149,s2074,a781
r4150,s2075,a2041
r4151,s2075,a4429
r4152,s2076,a442
r4153,s2076,a7924
r4154,s2077,a10056
r4155,s2077,a7973
r4156,s2078,a7528
r4157,s2078,a10036
r4158,s2079,a1819
r4159,s2079,a3696
r4160,s2080,a5811
r4161,s2080,a6352
r4162,s2081,a4940
r4163,s2081,a1714
r4164,s2082,a412
r4165,s2082,a9623
r4166,s2083,a7378
r4167,s2083,a4250
r4168,s2084,a6788
r4169,s2084,a5178
r4170,s2085,a2252
r4171,s2085,a6892
r4172,s2086,a5065
r4173,s2086,a376
r4174,s2087,a7274
r4175,s2087,a5165
r4176,s2088,a1190
r4177,s2088,a7518
r4178,s2089,a9974
r4179,s2089,a3755
r4180,s2090,a4589
r4181,s2090,a564
r4182,s2091,a1290
r4183,s2091,a9199
r4184,s2092,a5077
r4185,s2092,a713
r4186,s2093,a4222
r4187,s2093,a9333
r4188,s2094,a4945
r4189,s2094,a6237
r4190,s2095,a1759
r4191,s2095,a6032
r4192,s2096,a10446
r4193,s2096,a7368
r4194,s2097,a7898
r4195,s2097,a8089
r4196,s2098,a10155
r4197,s2098,a2549
r4198,s2099,a6130
r4199,s2099,a3056
r4200,s2100,a5950
r4201,s2100,a4111
r4202,s2101,a9685
r4203,s2101,a4189
r4204,s2102,a7965
r4205,s2102,a9260
r4206,s2103,a1456
r4207,s2103,a7816
r4208,s2104,a8005
r4209,s2104,a1582
r4210,s2105,a8538
r4211,s2105,a7066
r4212,s2106,a5063
r4213,s2106,a1739
r4214,s2107,a7428
r4215,s2107,a7384
r4216,s2108,a1465
r4217,s2108,a9347
r4218,s2109,a865
r4219,s2109,a9695
r4220,s2110,a1088
r4221,s2110,a7628
r4222,s2111,a5165
r4223,s2111,a4860
r4224,s2112,a4963
r4225,s2112,a5078
r4226,s2113,a5515
r4227,s2113,a6666
r4228,s2114,a2543
r4229,s2114,a900
r4230,s2115,a1479
r4231,s2115,a3838
r4232,s2116,a9699
r4233,s2116,a10341
r4234,s2117,a5851
r4235,s2117,a7163
r4236,s2118,a8105
r4237,s2118,a1653
r4238,s2119,a5819
r4239,s2119,a10367
r4240,s2120,a6436
r4241,s2120,a6230
r4242,s2121,a542
r4243,s2121,a9078
r4244,s2122,a4249
r4245,s2122,a174
r4246,s2123,a7961
r4247,s2123,a7386
r4248,s2124,a2636
r4249,s2124,a2784
r4250,s2125,a8916
r4251,s2125,a5943
r4252,s2126,a4129
r4253,s2126,a2340
r4254,s2127,a3611
r4255,s2127,a3541
r4256,s2128,a2207
r4257,s2128,a4771
r4258,s2129,a10022
r4259,s2129,a315
r4260,s2130,a3704
r4261,s2130,a10
r4262,s2131,a6049
r4263,s2131,a8609
r4264,s2132,a3503
r4265,s2132,a6206
r4266,s2133,a2218
r4267,s2133,a8302
r4268,s2134,a683
r4269,s2134,a6119
r4270,s2135,a3641
r4271,s2135,a5308
r4272,s2136,a8048
r4273,s2136,a8058
r4274,s2137,a2834
r4275,s2137,a10514
r4276,s2138,a9513
r4277,s2138,a1135
r4278,s2139,a7925
r4279,s2139,a9836
r4280,s2140,a51
r4281,s2140,a9319
r4282,s2141,a1525
r4283,s2141,a2283
r4284,s2142,a1838
r4285,s2142,a10668
r4286,s2143,a3409
r4287,s2143,a9015
r4288,s2144,a575
r4289,s2144,a5909
r4290,s2145,a5257
r4291,s2145,a9249
r4292,s2146,a10394
r4293,s2146,a7895
r4294,s2147,a41
r4295,s2147,a9001
r4296,s2148,a6817
r4297,s2148,a10409
r4298,s2149,a5986
r4299,s2149,a2141
r4300,s2150,a910
r4301,s2150,a8413
r4302,s2151,a8479
r4303,s2151,a2650
r4304,s2152,a3140
r4305,s2152,a120
r4306,s2153,a2016
r4307,s2153,a4938
r4308,s2154,a7008
r4309,s2154,a6767
r4310,s2155,a3013
r4311,s2155,a4976
r4312,s2156,a8004
r4313,s2156,a8189
r4314,s2157,a2600
r4315,s2157,a9209
r4316,s2158,a2111
r4317,s2158,a4928
r4318,s2159,a10612
r4319,s2159,a6893
r4320,s2160,a2263
r4321,s2160,a4655
r4322,s2161,a10436
r4323,s2161,a371
r4324,s2162,a3252
r4325,s2162,a9369
r4326,s2163,a5150
r4327,s2163,a1486
r4328,s2164,a8012
r4329,s2164,a4055
r4330,s2165,a6378
r4331,s2165,a9016
r4332,s2166,a10038
r4333,s2166,a9496
r4334,s2167,a8840
r4335,s2167,a6348
r4336,s2168,a1963
r4337,s2168,a9214
r4338,s2169,a8841
r4339,s2169,a1264
r4340,s2170,a10511
r4341,s2170,a3909
r4342,s2171,a5634
r4343,s2171,a9351
r4344,s2172,a6737
r4345,s2172,a1320
r4346,s2173,a615
r4347,s2173,a5158
r4348,s2174,a2818
r4349,s2174,a2995
r4350,s2175,a2720
r4351,s2175,a6647
r4352,s2176,a9757
r4353,s2176,a4016
r4354,s2177,a6957
r4355,s2177,a6025
r4356,s2178,a794
r4357,s2178,a3387
r4358,s2179,a9857
r4359,s2179,a757
r4360,s2180,a3790
r4361,s2180,a655
r4362,s2181,a6754
r4363,s2181,a2366
r4364,s2182,a4367
r4365,s2182,a10353
r4366,s2183,a6443
r4367,s2183,a1774
r4368,s2184,a2428
r4369,s2184,a91
r4370,s2185,a2719
r4371,s2185,a2031
r4372,s2186,a7631
r4373,s2186,a10671
r4374,s2187,a8604
r4375,s2187,a5891
r4376,s2188,a10108
r4377,s2188,a1371
r4378,s2189,a169
r4379,s2189,a3881
r4380,s2190,a10619
r4381,s2190,a8423
r4382,s2191,a8155
r4383,s2191,a2757
r4384,s2192,a2131
r4385,s2192,a5481
r4386,s2193,a3683
r4387,s2193,a10310
r4388,s2194,a9928
r4389,s2194,a6511
r4390,s2195,a6019
r4391,s2195,a10201
r4392,s2196,a1327
r4393,s2196,a2893
r4394,s2197,a10604
r4395,s2197,a5269
r4396,s2198,a7745
r4397,s2198,a1824
r4398,s2199,a9108
r4399,s2199,a596
r4400,s2200,a1564
r4401,s2200,a4752
r4402,s2201,a4514
r4403,s2201,a3023
r4404,s2202,a1687
r4405,s2202,a8764
r4406,s2203,a2499
r4407,s2203,a3638
r4408,s2204,a6126
r4409,s2204,a7178
r4410,s2205,a5247
r4411,s2205,a5530
r4412,s2206,a7158
r4413,s2206,a4979
r4414,s2207,a5838
r4415,s2207,a1510
r4416,s2208,a3701
r4417,s2208,a8164
r4418,s2209,a2356
r4419,s2209,a6523
r4420,s2210,a4700
r4421,s2210,a7336
r4422,s2211,a1436
r4423,s2211,a6787
r4424,s2212,a10036
r4425,s2212,a6313
r4426,s2213,a3683
r4427,s2213,a7993
r4428,s2214,a6352
r4429,s2214,a5630
r4430,s2215,a3868
r4431,s2215,a7051
r4432,s2216,a1419
r4433,s2216,a9376
r4434,s2217,a6173
r4435,s2217,a5643
r4436,s2218,a9734
r4437,s2218,a534
r4438,s2219,a6099
r4439,s2219,a797
r4440,s2220,a10502
r4441,s2220,a3560
r4442,s2221,a10346
r4443,s2221,a7086
r4444,s2222,a7358
r4445,s2222,a5697
r4446,s2223,a7090
r4447,s2223,a9586
r4448,s2224,a4475
r4449,s2224,a6204
r4450,s2225,a6844
r4451,s2225,a503
r4452,s2226,a7437
r4453,s2226,a2943
r4454,s2227,a2223
r4455,s2227,a1214
r4456,s2228,a5307
r4457,s2228,a10669
r4458,s2229,a6963
r4459,s2229,a7590
r4460,s2230,a5540
r4461,s2230,a8912
r4462,s2231,a8553
r4463,s2231,a4066
r4464,s2232,a4803
r4465,s2232,a187
r4466,s2233,a2658
r4467,s2233,a2604
r4468,s2234,a5678
r4469,s2234,a3493
r4470,s2235,a5558
r4471,s2235,a2903
r4472,s2236,a5841
r4473,s2236,a5406
r4474,s2237,a3983
r4475,s2237,a5728
r4476,s2238,a3207
r4477,s2238,a8761
r4478,s2239,a6742
r4479,s2239,a870
r4480,s2240,a5641
r4481,s2240,a7299
r4482,s2241,a5609
r4483,s2241,a5956
r4484,s2242,a1990
r4485,s2242,a4933
r4486,s2243,a9214
r4487,s2243,a1147
r4488,s2244,a5109
r4489,s2244,a4691
r4490,s2245,a632
r4491,s2245,a10289
r4492,s2246,a5455
r4493,s2246,a3165
r4494,s2247,a1675
r4495,s2247,a4652
r4496,s2248,a7471
r4497,s2248,a8287
r4498,s2249,a4163
r4499,s2249,a2966
r4500,s2250,a7281
r4501,s2250,a5927
r4502,s2251,a5788
r4503,s2251,a7440
r4504,s2252,a1815
r4505,s2252,a8303
r4506,s2253,a9367
r4507,s2253,a8699
r4508,s2254,a8321
r4509,s2254,a7186
r4510,s2255,a6466
r4511,s2255,a2287
r4512,s2256,a4625
r4513,s2256,a616
r4514,s2257,a6300
r4515,s2257,a4182
r4516,s2258,a5015
r4517,s2258,a3171
r4518,s2259,a3625
r4519,s2259,a5805
r4520,s2260,a2977
r4521,s2260,a2807
r4522,s2261,a7844
r4523,s2261,a2437
r4524,s2262,a1878
r4525,s2262,a3450
r4526,s2263,a5497
r4527,s2263,a5976
r4528,s2264,a4787
r4529,s2264,a8819
r4530,s2265,a2758
r4531,s2265,a3689
r4532,s2266,a3836
r4533,s2266,a4397
r4534,s2267,a4163
r4535,s2267,a7036
r4536,s2268,a7999
r4537,s2268,a4394
r4538,s2269,a9820
r4539,s2269,a8702
r4540,s2270,a7889
r4541,s2270,a6144
r4542,s2271,a137
r4543,s2271,a1570
r4544,s2272,a1535
r4545,s2272,a2742
r4546,s2273,a5409
r4547,s2273,a7895
r4548,s2274,a3424
r4549,s2274,a2983
r4550,s2275,a5222
r4551,s2275,a6867
r4552,s2276,a716
r4553,s2276,a5246
r4554,s2277,a4423
r4555,s2277,a5816
r4556,s2278,a2461
r4557,s2278,a7968
r4558,s2279,a6046
r4559,s2279,a8977
r4560,s2280,a387
r4561,s2280,a179
r4562,s2281,a1713
r4563,s2281,a4687
r4564,s2282,a2494
r4565,s2282,a1444
r4566,s2283,a5050
r4567,s2283,a8415
r4568,s2284,a9275
r4569,s2284,a9794
r4570,s2285,a7752
r4571,s2285,a3372
r4572,s2286,a8763
r4573,s2286,a10468
r4574,s2287,a10279
r4575,s2287,a7499
r4576,s2288,a6121
r4577,s2288,a7173
r4578,s2289,a9646
r4579,s2289,a3234
r4580,s2290,a54
r4581,s2290,a4192
r4582,s2291,a5275
r4583,s2291,a5784
r4584,s2292,a5769
r4585,s2292,a118
r4586,s2293,a6770
r4587,s2293,a10481
r4588,s2294,a4311
r4589,s2294,a6137
r4590,s2295,a9590
r4591,s2295,a9564
r4592,s2296,a4040
r4593,s2296,a5963
r4594,s2297,a2968
r4595,s2297,a6654
r4596,s2298,a4462
r4597,s2298,a9283
r4598,s2299,a1018
r4599,s2299,a3084
r4600,s2300,a4290
r4601,s2300,a894
r4602,s2301,a7497
r4603,s2301,a8526
r4604,s2302,a3842
r4605,s2302,a6877
r4606,s2303,a8689
r4607,s2303,a2797
r4608,s2304,a7709
r4609,s2304,a8121
r4610,s2305,a9985
r4611,s2305,a7460
r4612,s2306,a6028
r4613,s2306,a3864
r4614,s2307,a114
r4615,s2307,a2395
r4616,s2308,a10375
r4617,s2308,a5838
r4618,s2309,a5637
r4619,s2309,a5638
r4620,s2310,a2692
r4621,s2310,a793
r4622,s2311,a971
r4623,s2311,a4793
r4624,s2312,a105
r4625,s2312,a9553
r4626,s2313,a9494
r4627,s2313,a6019
r4628,s2314,a10541
r4629,s2314,a4354
r4630,s2315,a3979
r4631,s2315,a2921
r4632,s2316,a2838
r4633,s2316,a7156
r4634,s2317,a10387
r4635,s2317,a9112
r4636,s2318,a5193
r4637,s2318,a3246
r4638,s2319,a9925
r4639,s2319,a10127
r4640,s2320,a7779
r4641,s2320,a4235
r4642,s2321,a1329
r4643,s2321,a4902
r4644,s2322,a5215
r4645,s2322,a9712
r4646,s2323,a8337
r4647,s2323,a3730
r4648,s2324,a2336
r4649,s2324,a262
r4650,s2325,a4812
r4651,s2325,a8302
r4652,s2326,a9528
r4653,s2326,a8631
r4654,s2327,a10434
r4655,s2327,a3918
r4656,s2328,a5882
r4657,s2328,a281
r4658,s2329,a7778
r4659,s2329,a4413
r4660,s2330,a999
r4661,s2330,a10350
r4662,s2331,a8330
r4663,s2331,a8677
r4664,s2332,a1150
r4665,s2332,a2860
r4666,s2333,a9877
r4667,s2333,a1085
r4668,s2334,a5971
r4669,s2334,a9447
r4670,s2335,a10444
r4671,s2335,a3718
r4672,s2336,a2512
r4673,s2336,a4933
r4674,s2337,a9573
r4675,s2337,a7452
r4676,s2338,a1671
r4677,s2338,a9133
r4678,s2339,a10460
r4679,s2339,a10121
r4680,s2340,a10489
r4681,s2340,a8251
r4682,s2341,a7214
r4683,s2341,a5703
r4684,s2342,a564
r4685,s2342,a10449
r4686,s2343,a7323
r4687,s2343,a2550
r4688,s2344,a8396
r4689,s2344,a511
r4690,s2345,a6663
r4691,s2345,a618
r4692,s2346,a2814
r4693,s2346,a4266
r4694,s2347,a4127
r4695,s2347,a8459
r4696,s2348,a5158
r4697,s2348,a4601
r4698,s2349,a4528
r4699,s2349,a9247
r4700,s2350,a10658
r4701,s2350,a2078
r4702,s2351,a1563
r4703,s2351,a4831
r4704,s2352,a2448
r4705,s2352,a2369
r4706,s2353,a8927
r4707,s2353,a7919
r4708,s2354,a3866
r4709,s2354,a546
r4710,s2355,a1490
r4711,s2355,a6751
r4712,s2356,a334
r4713,s2356,a6625
r4714,s2357,a5865
r4715,s2357,a8465
r4716,s2358,a4429
r4717,s2358,a2938
r4718,s2359,a8747
r4719,s2359,a6601
r4720,s2360,a4448
r4721,s2360,a7007
r4722,s2361,a1229
r4723,s2361,a3343
r4724,s2362,a1625
r4725,s2362,a1376
r4726,s2363,a560
r4727,s2363,a6671
r4728,s2364,a8062
r4729,s2364,a1769
r4730,s2365,a1383
r4731,s2365,a4329
r4732,s2366,a2397
r4733,s2366,a6605
r4734,s2367,a5919
r4735,s2367,a8729
r4736,s2368,a7989
r4737,s2368,a3207
r4738,s2369,a8579
r4739,s2369,a1998
r4740,s2370,a9386
r4741,s2370,a1749
r4742,s2371,a10030
r4743,s2371,a8469
r4744,s2372,a4513
r4745,s2372,a6588
r4746,s2373,a9524
r4747,s2373,a9822
r4748,s2374,a5039
r4749,s2374,a4878
r4750,s2375,a141
r4751,s2375,a4589
r4752,s2376,a2856
r4753,s2376,a4642
r4754,s2377,a4445
r4755,s2377,a7822
r4756,s2378,a1712
r4757,s2378,a5388
r4758,s2379,a7218
r4759,s2379,a6056
r4760,s2380,a4602
r4761,s2380,a6418
r4762,s2381,a2237
r4763,s2381,a1146
r4764,s2382,a3842
r4765,s2382,a4375
r4766,s2383,a2518
r4767,s2383,a2068
r4768,s2384,a7517
r4769,s2384,a5463
r4770,s2385,a8522
r4771,s2385,a7100
r4772,s2386,a10679
r4773,s2386,a7789
r4774,s2387,a407
r4775,s2387,a1779
r4776,s2388,a2196
r4777,s2388,a1118
r4778,s2389,a1397
r4779,s2389,a1285
r4780,s2390,a2670
r4781,s2390,a8741
r4782,s2391,a2467
r4783,s2391,a4070
r4784,s2392,a5398
r4785,s2392,a10449
r4786,s2393,a8318
r4787,s2393,a3105
r4788,s2394,a6736
r4789,s2394,a4107
r4790,s2395,a2734
r4791,s2395,a4085
r4792,s2396,a7962
r4793,s2396,a7889
r4794,s2397,a10540
r4795,s2397,a8226
r4796,s2398,a1110
r4797,s2398,a7663
r4798,s2399,a3658
r4799,s2399,a829
r4800,s2400,a4761
r4801,s2400,a870
r4802,s2401,a5976
r4803,s2401,a9629
r4804,s2402,a8714
r4805,s2402,a8729
r4806,s2403,a9216
r4807,s2403,a93
r4808,s2404,a5531
r4809,s2404,a3084
r4810,s2405,a1347
r4811,s2405,a891
r4812,s2406,a5575
r4813,s2406,a10126
r4814,s2407,a226
r4815,s2407,a2832
r4816,s2408,a422
r4817,s2408,a885
r4818,s2409,a5864
r4819,s2409,a7576
r4820,s2410,a8037
r4821,s2410,a8306
r4822,s2411,a10135
r4823,s2411,a4579
r4824,s2412,a3688
r4825,s2412,a941
r4826,s2413,a3424
r4827,s2413,a6645
r4828,s2414,a5002
r4829,s2414,a9763
r4830,s2415,a5356
r4831,s2415,a7916
r4832,s2416,a5001
r4833,s2416,a7525
r4834,s2417,a5822
r4835,s2417,a10293
r4836,s2418,a7044
r4837,s2418,a8437
r4838,s2419,a6760
r4839,s2419,a866
r4840,s2420,a2250
r4841,s2420,a4788
r4842,s2421,a9781
r4843,s2421,a1836
r4844,s2422,a2912
r4845,s2422,a5345
r4846,s2423,a8902
r4847,s2423,a1635
r4848,s2424,a2634
r4849,s2424,a9990
r4850,s2425,a4501
r4851,s2425,a9677
r4852,s2426,a2940
r4853,s2426,a4778
r4854,s2427,a2282
r4855,s2427,a10451
r4856,s2428,a6588
r4857,s2428,a843
r4858,s2429,a10178
r4859,s2429,a1212
r4860,s2430,a10514
r4861,s2430,a7026
r4862,s2431,a5059
r4863,s2431,a4006
r4864,s2432,a944
r4865,s2432,a3698
r4866,s2433,a10641
r4867,s2433,a10109
r4868,s2434,a7973
r4869,s2434,a4329
r4870,s2435,a6076
r4871,s2435,a7025
r4872,s2436,a10031
r4873,s2436,a9183
r4874,s2437,a6481
r4875,s2437,a1429
r4876,s2438,a4206
r4877,s2438,a320
r4878,s2439,a2698
r4879,s2439,a1056
r4880,s2440,a7600
r4881,s2440,a10411
r4882,s2441,a1756
r4883,s2441,a238
r4884,s2442,a3941
r4885,s2442,a9422
r4886,s2443,a9736
r4887,s2443,a7730
r4888,s2444,a7630
r4889,s2444,a5625
r4890,s2445,a4932
r4891,s2445,a9103
r4892,s2446,a9920
r4893,s2446,a428
r4894,s2447,a1139
r4895,s2447,a7882
r4896,s2448,a6573
r4897,s2448,a5657
r4898,s2449,a7396
r4899,s2449,a9871
r4900,s2450,a7958
r4901,s2450,a948
r4902,s2451,a9260
r4903,s2451,a567
r4904,s2452,a8909
r4905,s2452,a4055
r4906,s2453,a8530
r4907,s2453,a9026
r4908,s2454,a9597
r4909,s2454,a6113
r4910,s2455,a10175
r4911,s2455,a3670
r4912,s2456,a10425
r4913,s2456,a5684
r4914,s2457,a2306
r4915,s2457,a5208
r4916,s2458,a1751
r4917,s2458,a9192
r4918,s2459,a6126
r4919,s2459,a4468
r4920,s2460,a35
r4921,s2460,a2674
r4922,s2461,a3701
r4923,s2461,a8177
r4924,s2462,a7062
r4925,s2462,a1461
r4926,s2463,a1872
r4927,s2463,a10141
r4928,s2464,a4538
r4929,s2464,a2495
r4930,s2465,a435
r4931,s2465,a8303
r4932,s2466,a9524
r4933,s2466,a9971
r4934,s2467,a8822
r4935,s2467,a3788
r4936,s2468,a8522
r4937,s2468,a1649
r4938,s2469,a3219
r4939,s2469,a1998
r4940,s2470,a10659
r4941,s2470,a5841
r4942,s2471,a5067
r4943,s2471,a2545
r4944,s2472,a2400
r4945,s2472,a1835
r4946,s2473,a54
r4947,s2473,a4341
r4948,s2474,a8374
r4949,s2474,a5089
r4950,s2475,a7384
r4951,s2475,a8365
r4952,s2476,a8250
r4953,s2476,a3478
r4954,s2477,a7144
r4955,s2477,a1333
r4956,s2478,a596
r4957,s2478,a7176
r4958,s2479,a8814
r4959,s2479,a5270
r4960,s2480,a7981
r4961,s2480,a7278
r4962,s2481,a8
r4963,s2481,a4991
r4964,s2482,a8193
r4965,s2482,a814
r4966,s2483,a6579
r4967,s2483,a3711
r4968,s2484,a8068
r4969,s2484,a2807
r4970,s2485,a3556
r4971,s2485,a1570
r4972,s2486,a735
r4973,s2486,a1209
r4974,s2487,a9204
r4975,s2487,a398
r4976,s2488,a275
r4977,s2488,a934
r4978,s2489,a8552
r4979,s2489,a10483
r4980,s2490,a6772
r4981,s2490,a9155
r4982,s2491,a3674
r4983,s2491,a3665
r4984,s2492,a6549
r4985,s2492,a3326
r4986,s2493,a4740
r4987,s2493,a9461
r4988,s2494,a8990
r4989,s2494,a3957
r4990,s2495,a6921
r4991,s2495,a2365
r4992,s2496,a1042
r4993,s2496,a5418
r4994,s2497,a9042
r4995,s2497,a7385
r4996,s2498,a7561
r4997,s2498,a5143
r4998,s2499,a10200
r4999,s2499,a7045
